t,x,y,z,roll,pitch,yaw
1.010417222976684570e+00,-4.163895091991548125e-11,2.949705290842863491e-10,2.150102246412752233e-10,4.415227699410859130e-02,3.560488349894306431e-02,7.859826319301210350e-04
1.010456800460815430e+00,-5.315208120267398222e-11,5.568181298548008407e-10,4.093112179078210331e-10,4.415202271488821023e-02,3.560487693242263274e-02,7.858424302538366026e-04
1.010493278503417969e+00,-3.085065482817609040e-11,7.805245472189089848e-10,5.450701513423047612e-10,4.415188218544264381e-02,3.560491996485343202e-02,7.857167392878356988e-04
1.010526657104492188e+00,1.229663008270639215e-11,9.165024755506456057e-10,6.107462382060385904e-10,4.415177233860314437e-02,3.560500875117050823e-02,7.856294191602239277e-04
1.070802927017211914e+00,-1.784051734116245819e-05,-1.791425543557332472e-04,-9.050400299176636647e-05,4.431207756280906851e-02,3.553802849111908219e-02,5.994461124881909691e-04
1.070873260498046875e+00,-1.788227435990713389e-05,-1.795609014077012165e-04,-9.071531453451783095e-05,4.431237952728066254e-02,3.553823269070766760e-02,5.997785913994194834e-04
1.070904016494750977e+00,-1.790054733527126087e-05,-1.797438831112847053e-04,-9.080769392565046154e-05,4.431247303321144554e-02,3.553826931230608804e-02,5.998195987729044391e-04
1.070930957794189453e+00,-1.791657257055223238e-05,-1.799041501688481586e-04,-9.088858083760239528e-05,4.431248384079153335e-02,3.553820562457522814e-02,5.997899096024507468e-04
1.070958137512207031e+00,-1.793275345390417388e-05,-1.800657793688028978e-04,-9.097017189625774441e-05,4.431255109236813261e-02,3.553811089330271428e-02,5.998366549755115113e-04
1.070984363555908203e+00,-1.794837092136615693e-05,-1.802216671497215835e-04,-9.104889882020966642e-05,4.431242754341341988e-02,3.553809781624963499e-02,5.998394775026840006e-04
1.129955053329467773e+00,-8.826486096167037256e-05,-4.478801513541721979e-04,-3.173675209765042726e-04,4.402125403063419234e-02,3.535230949877748996e-02,5.711979470131642441e-04
1.130032777786254883e+00,-8.840395904183246745e-05,-4.481236990378536220e-04,-3.177309478649581898e-04,4.402125377423344449e-02,3.535227496575671369e-02,5.711104585290413408e-04
1.130064725875854492e+00,-8.846112251790716149e-05,-4.482238008972703048e-04,-3.178803839072946117e-04,4.402129426732103584e-02,3.535218292258936190e-02,5.710324668031967546e-04
1.130095243453979492e+00,-8.851569138553109031e-05,-4.483194945138601738e-04,-3.180231081396417869e-04,4.402129407120426025e-02,3.535227262119013808e-02,5.710172874841176185e-04
1.130123615264892578e+00,-8.856639550817488164e-05,-4.484085233346599164e-04,-3.181557909716063877e-04,4.402146276804864283e-02,3.535235403703308049e-02,5.710576707657787814e-04
1.130151987075805664e+00,-8.861707516873006823e-05,-4.484976291963515540e-04,-3.182884519385395560e-04,4.402154687454912924e-02,3.535238547690738170e-02,5.710432167229219716e-04
1.180488109588623047e+00,-1.690966310285688709e-04,-6.731058223183506882e-04,-5.737822079422043656e-04,4.401242915459538385e-02,3.532034724776929313e-02,5.985496705526157984e-04
1.180576324462890625e+00,-1.692214593410307861e-04,-6.736157178880727934e-04,-5.742655360145279206e-04,4.401261872693101873e-02,3.532022046497510642e-02,5.982655477736961453e-04
1.180615186691284180e+00,-1.692765700099491501e-04,-6.738402105418464213e-04,-5.744785785311975687e-04,4.401266202858400423e-02,3.532020825738586139e-02,5.982069462783909299e-04
1.180650234222412109e+00,-1.693262734825949937e-04,-6.740425259269339697e-04,-5.746707634034589358e-04,4.401260599799515505e-02,3.532016537475440865e-02,5.982707519327504697e-04
1.180684089660644531e+00,-1.693743027854435225e-04,-6.742378136465112257e-04,-5.748564430029478017e-04,4.401262153317996029e-02,3.532022299221634909e-02,5.983199763303483163e-04
1.240346670150756836e+00,-2.995931977341994732e-04,-9.298237974753794386e-04,-7.837419131779108008e-04,4.404651873713230636e-02,3.521578765159198710e-02,6.305747525158163268e-04
1.240453243255615234e+00,-2.999069048115134855e-04,-9.301228330939096366e-04,-7.839032159483803452e-04,4.404571961495633986e-02,3.521566580109317807e-02,6.306286968611206139e-04
1.240495920181274414e+00,-3.000323773808573477e-04,-9.302428477557609515e-04,-7.839676850422172853e-04,4.404541677588078019e-02,3.521582565583421254e-02,6.305833851799086832e-04
1.240532875061035156e+00,-3.001409899112827831e-04,-9.303469241298903143e-04,-7.840235703992211400e-04,4.404527311602186163e-02,3.521585145970106134e-02,6.304366771595559197e-04
1.240568876266479492e+00,-3.002467739977246345e-04,-9.304484761216985514e-04,-7.840780437923408576e-04,4.404521106525663421e-02,3.521590143765120084e-02,6.304295820247770655e-04
1.240603446960449219e+00,-3.003483464246527765e-04,-9.305460699962713432e-04,-7.841304127074677716e-04,4.404535714724552853e-02,3.521590992337193804e-02,6.304241223320511530e-04
1.300048828125000000e+00,-5.249247771731035050e-04,-1.023641142226796143e-03,-7.716650429259381324e-04,4.448125836594966909e-02,3.519175124315362946e-02,7.373224366644099250e-04
1.300140142440795898e+00,-5.253466770232425838e-04,-1.023669111521303748e-03,-7.714878941071304100e-04,4.448133933408295049e-02,3.519166438281600556e-02,7.376688190084333642e-04
1.300179481506347656e+00,-5.255285527934773753e-04,-1.023680979251449796e-03,-7.714113963822045702e-04,4.448118142496140792e-02,3.519174638877797801e-02,7.377075197329939363e-04
1.300215005874633789e+00,-5.256927809547471808e-04,-1.023691574443528519e-03,-7.713423264491373098e-04,4.448119275529924255e-02,3.519170196895216735e-02,7.376797696768829741e-04
1.300251007080078125e+00,-5.258591948384702761e-04,-1.023702250544259416e-03,-7.712723560083586819e-04,4.448094673450903730e-02,3.519174491706677371e-02,7.377499189248937521e-04
1.300286054611206055e+00,-5.260211921288321553e-04,-1.023712669294842828e-03,-7.712042726311708375e-04,4.448085557526591099e-02,3.519170723274164803e-02,7.377373043801988082e-04
1.350831270217895508e+00,-7.193696858253552503e-04,-1.180297904213027226e-03,-7.005774171886288825e-04,4.450647528393206209e-02,3.525764595153124681e-02,7.755228699132198610e-04
1.350915670394897461e+00,-7.196251956364566830e-04,-1.180795950109959566e-03,-7.005054975302781820e-04,4.450665858101486572e-02,3.525756647283215250e-02,7.755334279884132809e-04
1.350955486297607422e+00,-7.197457142254024953e-04,-1.181031118903566168e-03,-7.004715081184335413e-04,4.450685952962208508e-02,3.525764462772488367e-02,7.755106404768338747e-04
1.350991487503051758e+00,-7.198547021836565127e-04,-1.181243869602820098e-03,-7.004406680618807538e-04,4.450698736161394498e-02,3.525756295211340818e-02,7.755629863064943076e-04
1.351026773452758789e+00,-7.199615552423574904e-04,-1.181452414596624763e-03,-7.004104302313857253e-04,4.450710944610481584e-02,3.525746923996154331e-02,7.755203083662715654e-04
1.410609483718872070e+00,-9.818505512181039709e-04,-1.420805170447850090e-03,-6.835180871165544595e-04,4.468591146549917570e-02,3.521357361546465642e-02,7.462529843134339119e-04
1.410691261291503906e+00,-9.823219341725734736e-04,-1.420978825941235152e-03,-6.835418495968106217e-04,4.468558035726994532e-02,3.521372361884674701e-02,7.461278676181294341e-04
1.410732269287109375e+00,-9.825584385720733185e-04,-1.421065783137392827e-03,-6.835538508467858690e-04,4.468557994661370714e-02,3.521368216750756647e-02,7.462073511202696116e-04
1.410767078399658203e+00,-9.827592107990862358e-04,-1.421139510060066315e-03,-6.835640775999249699e-04,4.468546374540808414e-02,3.521362688916802874e-02,7.462364620639332872e-04
1.410802125930786133e+00,-9.829613602922821977e-04,-1.421213724643156625e-03,-6.835743672351447982e-04,4.468545734678397441e-02,3.521353281289845566e-02,7.462142024415137831e-04
1.410836696624755859e+00,-9.831607520642475333e-04,-1.421286977218509141e-03,-6.835844531114397462e-04,4.468537967452713283e-02,3.521345632748051208e-02,7.461018795393004315e-04
1.461299657821655273e+00,-1.211324784494928605e-03,-1.683050916006473318e-03,-6.993374179556691682e-04,4.445677374419048505e-02,3.529808517984205085e-02,7.842182091539444269e-04
1.461344480514526367e+00,-1.211471584878098849e-03,-1.683420984834683998e-03,-6.993525076426350493e-04,4.445682742187442166e-02,3.529815372114172151e-02,7.842147664281530223e-04
1.461358308792114258e+00,-1.211516873560044335e-03,-1.683535186593398177e-03,-6.993571999254637227e-04,4.445687888048394099e-02,3.529820411667511371e-02,7.841533473899803871e-04
1.461370706558227539e+00,-1.211557479794626814e-03,-1.683637577455675272e-03,-6.993614076715752234e-04,4.445680765759836561e-02,3.529822381633196393e-02,7.841348864427532097e-04
1.461382627487182617e+00,-1.211596523306350190e-03,-1.683736018300069489e-03,-6.993654650735240405e-04,4.445688560878574558e-02,3.529821535962818918e-02,7.840924924511926851e-04
1.461394309997558594e+00,-1.211634785151971712e-03,-1.683832474537575157e-03,-6.993694478352893923e-04,4.445691879046489298e-02,3.529819238905521073e-02,7.840848952293621001e-04
1.519992113113403320e+00,-1.440472668273657915e-03,-2.150920217207031616e-03,-5.921423896742282521e-04,4.432656532397852983e-02,3.538689570202011719e-02,8.314009005370425484e-04
1.520076990127563477e+00,-1.440857627695334977e-03,-2.151572547999728094e-03,-5.918029140203823809e-04,4.432609671303224669e-02,3.538700812268574802e-02,8.314863233940292080e-04
1.520117998123168945e+00,-1.441043601097810991e-03,-2.151887726951249094e-03,-5.916389355024179522e-04,4.432577340736441884e-02,3.538688083216207092e-02,8.314607168304484182e-04
1.520153284072875977e+00,-1.441203612049149485e-03,-2.152159017062784188e-03,-5.914978924207799256e-04,4.432560645875947142e-02,3.538694522881143112e-02,8.314694697607318778e-04
1.520187377929687500e+00,-1.441358211118573150e-03,-2.152421254010333448e-03,-5.913616726863538771e-04,4.432564952124141283e-02,3.538687597664115503e-02,8.314868995778244365e-04
1.570963144302368164e+00,-1.671522941614253955e-03,-2.627723372692626971e-03,-3.682139784270212538e-04,4.433390684978862073e-02,3.551046694877458415e-02,9.460203368412951983e-04
1.571062564849853516e+00,-1.671973531184082172e-03,-2.628819950922890464e-03,-3.677371855724103364e-04,4.433471175975375184e-02,3.551043453024024799e-02,9.461190491275877799e-04
1.571102857589721680e+00,-1.672156194221423395e-03,-2.629264429341147784e-03,-3.675438010702251424e-04,4.433479301443356280e-02,3.551051452773476558e-02,9.460984809661814130e-04
1.571150064468383789e+00,-1.672370255475233479e-03,-2.629785163947402464e-03,-3.673171093668406505e-04,4.433481281609723268e-02,3.551043510450394014e-02,9.462213508486257791e-04
1.571186065673828125e+00,-1.672533516490075887e-03,-2.630182226063973103e-03,-3.671442534170699015e-04,4.433483652198302871e-02,3.551034811422192766e-02,9.461539735462079839e-04
1.630226850509643555e+00,-1.971969548864002490e-03,-3.138431104618357934e-03,-1.312823655610980019e-04,4.439916726732221625e-02,3.553405277642590621e-02,8.662188162247195199e-04
1.630314588546752930e+00,-1.972461612278474455e-03,-3.138973953775368343e-03,-1.310024755068230073e-04,4.439919234438942375e-02,3.553401977495335151e-02,8.664224101489262624e-04
1.630357742309570312e+00,-1.972703606835379819e-03,-3.139240882864613620e-03,-1.308648500627796201e-04,4.439904617404128589e-02,3.553421264750965952e-02,8.663027756005790966e-04
1.630391597747802734e+00,-1.972893414878934028e-03,-3.139450324522227026e-03,-1.307569284750388161e-04,4.439926295513154514e-02,3.553429670843057803e-02,8.662666913858177139e-04
1.630427598953247070e+00,-1.973095200656433974e-03,-3.139673144059773168e-03,-1.306420908383509069e-04,4.439938326148142045e-02,3.553437230086414766e-02,8.662125004328079247e-04
1.630461692810058594e+00,-1.973286247586689742e-03,-3.139884277770130152e-03,-1.305332437144495329e-04,4.439934015619560748e-02,3.553439379222270156e-02,8.662311607151274798e-04
1.689680337905883789e+00,-2.328564044611794275e-03,-3.602776426658099284e-03,-1.710291572419467363e-05,4.442212038382388484e-02,3.570760710345573241e-02,8.183328811412041203e-04
1.689727783203125000e+00,-2.328867561196988276e-03,-3.603224250850818339e-03,-1.707266776426780258e-05,4.442235385648996004e-02,3.570757566200177119e-02,8.184454882370004181e-04
1.689742565155029297e+00,-2.328962149140573114e-03,-3.603363759425628338e-03,-1.706324815997553235e-05,4.442232963736739149e-02,3.570757006524037658e-02,8.184448627168280834e-04
1.689755201339721680e+00,-2.329043013535482889e-03,-3.603483004084513316e-03,-1.705520273814125902e-05,4.442236355346425303e-02,3.570756927243531886e-02,8.184041168509839734e-04
1.689767360687255859e+00,-2.329120830009564179e-03,-3.603597736348150039e-03,-1.704746243812492397e-05,4.442237856163396698e-02,3.570753409141312618e-02,8.184131675181675631e-04
1.689779758453369141e+00,-2.329200176754728929e-03,-3.603714708775215651e-03,-1.703956174884954189e-05,4.442233289477363900e-02,3.570754363184176078e-02,8.184023400823594923e-04
1.740506649017333984e+00,-2.598652828223486227e-03,-4.169523069123516439e-03,5.931313050903975223e-05,4.404478171398996250e-02,3.579875959917901140e-02,8.463619498465979780e-04
1.740583181381225586e+00,-2.598975909501834852e-03,-4.170508489592576404e-03,5.949456074310250113e-05,4.404451462123316202e-02,3.579856405038086414e-02,8.462853535546240600e-04
1.740616083145141602e+00,-2.599114716794168750e-03,-4.170932265511182943e-03,5.957247166006310926e-05,4.404461606419780850e-02,3.579861323933489214e-02,8.463149700086372443e-04
1.740647315979003906e+00,-2.599246460428754953e-03,-4.171334645677884055e-03,5.964639087728455075e-05,4.404475990745376074e-02,3.579863808670324249e-02,8.463620722120202434e-04
1.740677356719970703e+00,-2.599373177020500563e-03,-4.171721729443011832e-03,5.971745802925663033e-05,4.404497748894754122e-02,3.579866462975640762e-02,8.463097050927920455e-04
1.799917936325073242e+00,-2.899065527682060522e-03,-4.852174786876457119e-03,2.162639279823475264e-04,4.427157200018206479e-02,3.578409960968699510e-02,9.238212413352698193e-04
1.799994945526123047e+00,-2.899519957506840884e-03,-4.852951330359240277e-03,2.164889104183605781e-04,4.427191713978155529e-02,3.578392028529878838e-02,9.237448955832321378e-04
1.800032138824462891e+00,-2.899739489788852407e-03,-4.853326200991717881e-03,2.165976540370647817e-04,4.427184769896605476e-02,3.578379606203906799e-02,9.238007815776954788e-04
1.800064802169799805e+00,-2.899932281291356124e-03,-4.853655326294190574e-03,2.166931730862688219e-04,4.427171932219273881e-02,3.578378517644584950e-02,9.238462680062253709e-04
1.800095558166503906e+00,-2.900113819681855113e-03,-4.853965207987835304e-03,2.167831135573384063e-04,4.427163795907263638e-02,3.578375546730729745e-02,9.239022365113632200e-04
1.800127029418945312e+00,-2.900299587642551653e-03,-4.854282334412212893e-03,2.168751183515440866e-04,4.427163013591071256e-02,3.578373018240134373e-02,9.238376064428594154e-04
1.859517335891723633e+00,-3.194048238155835009e-03,-5.612806868410033685e-03,2.849163283377517566e-04,4.424853406127404049e-02,3.571694378740439962e-02,9.425003351276381837e-04
1.859605073928833008e+00,-3.194398134983033200e-03,-5.614164054119671898e-03,2.848610528023480743e-04,4.424884768728341161e-02,3.571677928414682124e-02,9.422856760130871511e-04
1.859645843505859375e+00,-3.194560632437212343e-03,-5.614794858095464684e-03,2.848354621235828828e-04,4.424877317136322735e-02,3.571689277585929356e-02,9.422796255427554751e-04
1.859681606292724609e+00,-3.194703150481563534e-03,-5.615348247974006821e-03,2.848130948974013778e-04,4.424883968939265222e-02,3.571677736851053969e-02,9.422493681070017325e-04
1.859716415405273438e+00,-3.194841885080138867e-03,-5.615886895754784204e-03,2.847913708476835126e-04,4.424900313908574495e-02,3.571683643713910450e-02,9.422038726337269611e-04
1.859750509262084961e+00,-3.194977794340547218e-03,-5.616414432262379665e-03,2.847700847631236027e-04,4.424892831185140568e-02,3.571684440240734115e-02,9.422823321152271536e-04
1.910131454467773438e+00,-3.427666660137875139e-03,-6.317034562795634765e-03,1.931103714474135169e-04,4.422931952703543224e-02,3.566279456273999116e-02,1.033425402582297502e-03
1.910222053527832031e+00,-3.428142395960511683e-03,-6.318152287435641751e-03,1.928372279807801523e-04,4.422925498251832621e-02,3.566290676864880549e-02,1.033317182289765924e-03
1.910263538360595703e+00,-3.428360240228469150e-03,-6.318663888071286185e-03,1.927121223417395976e-04,4.422921996636654945e-02,3.566301581401384868e-02,1.033350241447549825e-03
1.910299777984619141e+00,-3.428550518063439197e-03,-6.319110802774615190e-03,1.926028659101756448e-04,4.422920948207086783e-02,3.566301614637915757e-02,1.033308387963705792e-03
1.910334825515747070e+00,-3.428734524668211343e-03,-6.319543094271031468e-03,1.924972486100010993e-04,4.422917699770399086e-02,3.566293484128857383e-02,1.033230033722130773e-03
1.969703197479248047e+00,-3.674419063316032488e-03,-7.210600069710908222e-03,2.424085777774536349e-05,4.412572465889347262e-02,3.574583273065153749e-02,1.171044366028502421e-03
1.969791412353515625e+00,-3.674685944296731538e-03,-7.212160226595981140e-03,2.400658948522487509e-05,4.412581888275296516e-02,3.574626502878518186e-02,1.171093344516520134e-03
1.969830989837646484e+00,-3.674805658702575729e-03,-7.212860362267560325e-03,2.390143860625579383e-05,4.412586115509564699e-02,3.574621384695147314e-02,1.171214299599642036e-03
1.969866752624511719e+00,-3.674913876540271494e-03,-7.213493018814296116e-03,2.380637381500225313e-05,4.412579336096968119e-02,3.574616820638994164e-02,1.171106726933168491e-03
1.969901561737060547e+00,-3.675019239162172994e-03,-7.214108738834170385e-03,2.371382995954117169e-05,4.412593482698369540e-02,3.574609592950889203e-02,1.171048459425767883e-03
1.969935894012451172e+00,-3.675123159534508192e-03,-7.214715911626150453e-03,2.362256976882746418e-05,4.412585880266799848e-02,3.574613797158982670e-02,1.171097097076312550e-03
2.020771503448486328e+00,-3.856796692336780796e-03,-8.011815007079930648e-03,-6.192737458503169918e-05,4.396239892642639369e-02,3.566136483483142716e-02,1.082299867843762023e-03
2.020858287811279297e+00,-3.857154199730047396e-03,-8.013001879550904830e-03,-6.198873698915800486e-05,4.396190261631376800e-02,3.566094124812673599e-02,1.081981165863199132e-03
2.020896673202514648e+00,-3.857312252577577236e-03,-8.013526868101021605e-03,-6.201585333311637586e-05,4.396183619455805436e-02,3.566087596589337383e-02,1.081845231295445802e-03
2.020932197570800781e+00,-3.857458479595199732e-03,-8.014012795245375673e-03,-6.204099076449039673e-05,4.396168878996766644e-02,3.566090662438745756e-02,1.081882949133791249e-03
2.020967721939086914e+00,-3.857604687327568713e-03,-8.014498805189305963e-03,-6.206619688836334514e-05,4.396174163479692892e-02,3.566081806637819152e-02,1.081844053920092341e-03
2.080299615859985352e+00,-4.062644100780865228e-03,-8.974243899774412767e-03,-1.223883088412874452e-04,4.418045342183089808e-02,3.559029472515638781e-02,1.008148787228002781e-03
2.080379962921142578e+00,-4.062868845968449667e-03,-8.975743984308835396e-03,-1.224944897923685113e-04,4.418071765859655359e-02,3.559092367266822321e-02,1.007999121356645310e-03
2.080411195755004883e+00,-4.062956272083540106e-03,-8.976327109240947108e-03,-1.225357033952106532e-04,4.418094427824292847e-02,3.559096122717041871e-02,1.007895544918722096e-03
2.080435991287231445e+00,-4.063025702886365054e-03,-8.976790021310866383e-03,-1.225683951060912188e-04,4.418092032425554455e-02,3.559093353858376607e-02,1.007916522152499817e-03
2.080461025238037109e+00,-4.063095806216431363e-03,-8.977257353540393781e-03,-1.226013974735382550e-04,4.418088567132716360e-02,3.559089972499469151e-02,1.007861556450829511e-03
2.080483198165893555e+00,-4.063157897363140793e-03,-8.977671245294222002e-03,-1.226306425930039914e-04,4.418087558227202366e-02,3.559084829173347897e-02,1.007801348775729878e-03
2.140540599822998047e+00,-4.241155224850271140e-03,-1.004992186860578784e-02,-2.389226669396136982e-04,4.437061900666568887e-02,3.552562807204825285e-02,9.844665633962084057e-04
2.140625238418579102e+00,-4.241419788238380562e-03,-1.005136428699483254e-02,-2.391389375452989774e-04,4.437037775363723846e-02,3.552581366873620167e-02,9.843037559021414022e-04
2.140660524368286133e+00,-4.241530010331560560e-03,-1.005196569495601412e-02,-2.392291738828185267e-04,4.437037582968304805e-02,3.552575680490986654e-02,9.841896547526504321e-04
2.140692472457885742e+00,-4.241629756507086374e-03,-1.005251030162097534e-02,-2.393108561541198325e-04,4.437033455902886225e-02,3.552587879499732870e-02,9.842239673141482681e-04
2.140724658966064453e+00,-4.241730212302480263e-03,-1.005305906808934627e-02,-2.393931106959298969e-04,4.437035109249176656e-02,3.552600721097992631e-02,9.842121349226289929e-04
2.140756607055664062e+00,-4.241829914896535179e-03,-1.005360383841687709e-02,-2.394747474758152030e-04,4.437047542921371268e-02,3.552597026220160464e-02,9.842688068414473350e-04
2.190677642822265625e+00,-4.470623504212752237e-03,-1.090470348769711356e-02,-3.547545761593259633e-04,4.454478738395362819e-02,3.546941183171174738e-02,9.523895829764400089e-04
2.190741539001464844e+00,-4.471009806569918241e-03,-1.090579253529705070e-02,-3.548864496835652362e-04,4.454471144879673661e-02,3.546942350055991289e-02,9.522472367432705280e-04
2.190768957138061523e+00,-4.471175595931543671e-03,-1.090625977702056743e-02,-3.549430816214480238e-04,4.454471116270369152e-02,3.546952436177845669e-02,9.523111929834256369e-04
2.190793752670288086e+00,-4.471325540226030529e-03,-1.090668226673949422e-02,-3.549943107592750530e-04,4.454484246977390843e-02,3.546952471501921278e-02,9.522990305124277464e-04
2.190816640853881836e+00,-4.471463949931446177e-03,-1.090707222495145359e-02,-3.550415667269363261e-04,4.454484225700092864e-02,3.546959975817683131e-02,9.522406285319105768e-04
2.250643730163574219e+00,-4.800564637245697402e-03,-1.198819641682620681e-02,-4.720936865946753010e-04,4.441184067745846537e-02,3.540685091286127628e-02,1.055699355505322883e-03
2.250687122344970703e+00,-4.800779575695229145e-03,-1.198902543194479628e-02,-4.721739449568471397e-04,4.441173867314572588e-02,3.540684633491975042e-02,1.055736710485668606e-03
2.250700950622558594e+00,-4.800848055484653251e-03,-1.198928964431234846e-02,-4.721995244062566696e-04,4.441169623387086762e-02,3.540684949764613676e-02,1.055741617319771487e-03
2.250713109970092773e+00,-4.800908267907242830e-03,-1.198952198175033852e-02,-4.722220199679993198e-04,4.441170213803386640e-02,3.540686351652750502e-02,1.055738736894741917e-03
2.250724792480468750e+00,-4.800966120524690316e-03,-1.198974521313990113e-02,-4.722436393010791007e-04,4.441173722620503361e-02,3.540686917237003545e-02,1.055729449495022843e-03
2.250736236572265625e+00,-4.801022797828674062e-03,-1.198996388933502161e-02,-4.722648190800511972e-04,4.441181777367348565e-02,3.540684424476749775e-02,1.055750100461780652e-03
2.309947490692138672e+00,-5.171915732894888894e-03,-1.299245265259513053e-02,-4.652230853849164370e-04,4.461171087130535312e-02,3.539971971395684119e-02,9.537074466866529796e-04
2.309992074966430664e+00,-5.172253456833949062e-03,-1.299311032860276001e-02,-4.651299194673470935e-04,4.461166021851085267e-02,3.539980227622199771e-02,9.537169859306425350e-04
2.310005664825439453e+00,-5.172356402151326478e-03,-1.299331076498469809e-02,-4.651015040827453711e-04,4.461161538547108590e-02,3.539981201538908856e-02,9.537221861646401821e-04
2.310018062591552734e+00,-5.172450319607437182e-03,-1.299349361298724435e-02,-4.650755801132839228e-04,4.461156053945650179e-02,3.539978707355672521e-02,9.537442193950684865e-04
2.310029745101928711e+00,-5.172538817062835755e-03,-1.299366591485114943e-02,-4.650511541197816239e-04,4.461152420778449063e-02,3.539975519783240820e-02,9.537530644718532043e-04
2.310041427612304688e+00,-5.172627311825997269e-03,-1.299383822538751308e-02,-4.650267353542661430e-04,4.461152342400911269e-02,3.539973838219258317e-02,9.537415014682288413e-04
2.360843181610107422e+00,-5.538280086579542606e-03,-1.387456334469954269e-02,-3.714737213144692941e-04,4.496877507092372078e-02,3.536678140664295533e-02,9.661340197006590760e-04
2.360889196395874023e+00,-5.538593905798200843e-03,-1.387548019661744535e-02,-3.714003309003262115e-04,4.496885054658812664e-02,3.536673493825592818e-02,9.661422932845751405e-04
2.360902786254882812e+00,-5.538686582169382276e-03,-1.387575100381921792e-02,-3.713786304913440912e-04,4.496885957655834959e-02,3.536671989784036935e-02,9.661167671969508701e-04
2.360915422439575195e+00,-5.538772757468865375e-03,-1.387600280552237116e-02,-3.713584549585038854e-04,4.496886946647303540e-02,3.536672643746838901e-02,9.661427291323185619e-04
2.360926866531372070e+00,-5.538850805740188656e-03,-1.387623084781417632e-02,-3.713401877304876278e-04,4.496890094842374841e-02,3.536674264199456824e-02,9.661444824671497258e-04
2.419939041137695312e+00,-6.000203914237364593e-03,-1.502109038108954270e-02,-2.501497588254585980e-04,4.473710680803100886e-02,3.542948858782130062e-02,8.917114080107175524e-04
2.419981479644775391e+00,-6.000578068802724270e-03,-1.502189129218386467e-02,-2.500432497901147852e-04,4.473696831353892595e-02,3.542942304031782702e-02,8.918881036590160186e-04
2.419996261596679688e+00,-6.000708401821411644e-03,-1.502217022416243476e-02,-2.500061731559833581e-04,4.473704584169804765e-02,3.542942245802653545e-02,8.919025492151508696e-04
2.420008659362792969e+00,-6.000817713693982688e-03,-1.502240416460663176e-02,-2.499750719788720182e-04,4.473699486982656709e-02,3.542942077297591558e-02,8.918748641572380289e-04
2.420020341873168945e+00,-6.000920714809004387e-03,-1.502262461413472402e-02,-2.499457587409300630e-04,4.473693000785733398e-02,3.542936659468307048e-02,8.918699949117946547e-04
2.420031785964965820e+00,-6.001021606932793566e-03,-1.502284057562282456e-02,-2.499170425725782746e-04,4.473688608136600076e-02,3.542935614468147726e-02,8.918561001058475553e-04
2.480434894561767578e+00,-6.520895101077325839e-03,-1.640481661689506196e-02,-4.812867665569405223e-05,4.479871171038254940e-02,3.539720677890829253e-02,1.078470979280234587e-03
2.480487108230590820e+00,-6.521333613867061167e-03,-1.640622055759611772e-02,-4.791092014231537603e-05,4.479889044244506069e-02,3.539714959950079204e-02,1.078461551087878632e-03
2.480505228042602539e+00,-6.521485813123472676e-03,-1.640670779192667655e-02,-4.783538924193485217e-05,4.479898800884592192e-02,3.539712025026730408e-02,1.078476811101261113e-03
2.480520725250244141e+00,-6.521615998058985855e-03,-1.640712449061503334e-02,-4.777079438764110839e-05,4.479904077883781199e-02,3.539707284062487691e-02,1.078478545609619452e-03
2.480535507202148438e+00,-6.521740182768665482e-03,-1.640752193734910241e-02,-4.770917854264400762e-05,4.479908824046600208e-02,3.539704591144397089e-02,1.078465620800369250e-03
2.480551004409790039e+00,-6.521870379638523667e-03,-1.640793859219745465e-02,-4.764457486645016457e-05,4.479906004505770922e-02,3.539700740975858934e-02,1.078440854338140334e-03
2.530408620834350586e+00,-6.912770497978505159e-03,-1.773771524914994485e-02,2.219382585112834806e-04,4.433699977668489195e-02,3.530895841764775112e-02,9.872933310913277298e-04
2.530451536178588867e+00,-6.913082889289012302e-03,-1.773885075716915768e-02,2.222234045390200294e-04,4.433672376592014130e-02,3.530896967548022986e-02,9.872587261555456056e-04
2.530465841293334961e+00,-6.913187018613636131e-03,-1.773922929111280619e-02,2.223184438950845301e-04,4.433668325056278753e-02,3.530898721182170602e-02,9.872414192652039650e-04
2.530477523803710938e+00,-6.913272055221872034e-03,-1.773953844415560033e-02,2.223960547734943371e-04,4.433666779994949181e-02,3.530900813772278046e-02,9.871950511030314849e-04
2.530489444732666016e+00,-6.913358827955192777e-03,-1.773985391592289990e-02,2.224752428952016465e-04,4.433671810011987485e-02,3.530900639365777000e-02,9.871986554274060372e-04
2.581402778625488281e+00,-7.321824216739265638e-03,-1.913363390779928078e-02,6.157513274110390294e-04,4.469012265080391649e-02,3.516816576921721199e-02,9.974057497735490559e-04
2.581452846527099609e+00,-7.322263173979302181e-03,-1.913505014677464866e-02,6.161923063348217653e-04,4.469038287170969820e-02,3.516822518450757329e-02,9.975466496941730061e-04
2.581478834152221680e+00,-7.322491053809390520e-03,-1.913578518474771256e-02,6.164212223160181600e-04,4.469051983255339228e-02,3.516826757439677625e-02,9.975304690228658459e-04
2.581496000289916992e+00,-7.322641588827929517e-03,-1.913627068329488284e-02,6.165724333217149000e-04,4.469052648878350104e-02,3.516823239006198337e-02,9.975433686786030953e-04
2.581512689590454102e+00,-7.322787942437089179e-03,-1.913674268554579894e-02,6.167194465101113847e-04,4.469042071171570180e-02,3.516825206776019730e-02,9.975035084195085951e-04
2.640771627426147461e+00,-7.866007245778355514e-03,-2.073007793126394396e-02,1.058348865690662355e-03,4.454684094833378377e-02,3.485273365488634340e-02,8.865543202451927869e-04
2.640812635421752930e+00,-7.866399459464771399e-03,-2.073112341028424815e-02,1.058598860754755670e-03,4.454677265855717938e-02,3.485265941515241356e-02,8.866533386646976815e-04
2.640828609466552734e+00,-7.866552239747704942e-03,-2.073153067707917546e-02,1.058696239064964469e-03,4.454686219042999079e-02,3.485269006302977451e-02,8.866798804482076395e-04
2.640840291976928711e+00,-7.866663974874251938e-03,-2.073182854132055511e-02,1.058767457992730717e-03,4.454691369351097829e-02,3.485271167240266282e-02,8.867118794860666441e-04
2.640852689743041992e+00,-7.866782551601994231e-03,-2.073214465807884932e-02,1.058843042547894095e-03,4.454690919602195820e-02,3.485276468545418088e-02,8.867426644560209544e-04
2.640864372253417969e+00,-7.866894287171310313e-03,-2.073244254711876372e-02,1.058914267953561892e-03,4.454692945228663770e-02,3.485279933900348182e-02,8.867537116451035218e-04
2.700067520141601562e+00,-8.537093811762472284e-03,-2.220934480734774313e-02,1.350906666350278366e-03,4.453752065109357200e-02,3.469137534181924304e-02,9.549199101811638732e-04
2.700109958648681641e+00,-8.537648807256787570e-03,-2.221037996974351003e-02,1.351066508596506649e-03,4.453758376180348699e-02,3.469134201091395031e-02,9.548132447608861408e-04
2.700124025344848633e+00,-8.537832788348671473e-03,-2.221072305177920411e-02,1.351119472318513745e-03,4.453759426239110863e-02,3.469129293427521132e-02,9.547639747472312470e-04
2.700136423110961914e+00,-8.537994943506120593e-03,-2.221102541271964548e-02,1.351166150497662291e-03,4.453761943425556952e-02,3.469128445852422138e-02,9.547746606604301479e-04
2.700148344039916992e+00,-8.538150861168651573e-03,-2.221131613568981880e-02,1.351211037965482703e-03,4.453756671838023790e-02,3.469128451397717611e-02,9.547717796226790066e-04
2.700159788131713867e+00,-8.538300539343911949e-03,-2.221159523179901465e-02,1.351254135572790491e-03,4.453750924042484266e-02,3.469131034240019451e-02,9.547862699003140151e-04
2.751035690307617188e+00,-9.129965164011833931e-03,-2.359526088603174435e-02,1.527072228739857545e-03,4.443845636774813868e-02,3.478952570373870096e-02,8.706193855619883629e-04
2.751082420349121094e+00,-9.130440869629349518e-03,-2.359666316974236636e-02,1.527219203022745333e-03,4.443848381675852277e-02,3.478938188307292845e-02,8.704966830622453376e-04
2.751095771789550781e+00,-9.130576779949646157e-03,-2.359706386358691871e-02,1.527261189355603272e-03,4.443853421891751782e-02,3.478937861153089117e-02,8.705303720285788435e-04
2.751107454299926758e+00,-9.130695705027679770e-03,-2.359741447778624518e-02,1.527297924452457670e-03,4.443854767659465022e-02,3.478940900975630024e-02,8.705391685857827386e-04
2.751119136810302734e+00,-9.130814638549122550e-03,-2.359776508966926478e-02,1.527334660533089796e-03,4.443859222512016455e-02,3.478947050080544862e-02,8.705564625286482802e-04
2.809991598129272461e+00,-9.817681342391866572e-03,-2.520720824230073334e-02,1.759191836018658174e-03,4.459800727320344105e-02,3.486168344511252071e-02,7.967098793923324367e-04
2.810032129287719727e+00,-9.818214478601761108e-03,-2.520820785665081609e-02,1.759383670314418118e-03,4.459812599505884323e-02,3.486168711888615324e-02,7.967154836692069307e-04
2.810046195983886719e+00,-9.818399519243495646e-03,-2.520855475855396724e-02,1.759450268227367910e-03,4.459809132583118091e-02,3.486166462014427675e-02,7.967082841388876870e-04
2.810058355331420898e+00,-9.818559471627756954e-03,-2.520885461861417653e-02,1.759507838090943648e-03,4.459804329136880102e-02,3.486166846727890845e-02,7.966874575646328005e-04
2.810070037841796875e+00,-9.818713149812202320e-03,-2.520914272219527269e-02,1.759563145768270730e-03,4.459802016838251143e-02,3.486168066910357716e-02,7.966963183127938244e-04
2.810082197189331055e+00,-9.818873100586289829e-03,-2.520944259343571928e-02,1.759620706144815732e-03,4.459800977615992201e-02,3.486166140689742066e-02,7.967009738737731951e-04
2.869926214218139648e+00,-1.053910289653070889e-02,-2.679562367481444496e-02,2.026921732337549215e-03,4.491120290453772673e-02,3.491438347818366650e-02,7.932517363536459440e-04
2.869977712631225586e+00,-1.053966504019209459e-02,-2.679708366220058882e-02,2.027138052706199591e-03,4.491128489052997885e-02,3.491438508555125275e-02,7.934449598884022988e-04
2.869994401931762695e+00,-1.053984721726476149e-02,-2.679755683756958329e-02,2.027208177165921218e-03,4.491129487393803049e-02,3.491437863687060772e-02,7.934349535729188488e-04
2.870009660720825195e+00,-1.054001378138165121e-02,-2.679798945176496694e-02,2.027272298214606323e-03,4.491124732042622858e-02,3.491438316641161388e-02,7.934516214456055093e-04
2.870023965835571289e+00,-1.054016994245318521e-02,-2.679839502183812769e-02,2.027332414277885179e-03,4.491126891550189376e-02,3.491435630337497154e-02,7.934361069358464736e-04
2.870038747787475586e+00,-1.054033131485130649e-02,-2.679881409883258861e-02,2.027394528514522582e-03,4.491120138452761590e-02,3.491435294523193011e-02,7.934450441603322279e-04
2.921019077301025391e+00,-1.114470828962078365e-02,-2.813884366947556892e-02,2.140862558892064893e-03,4.480643920024079269e-02,3.482110380113187520e-02,6.691443668292299581e-04
2.921060323715209961e+00,-1.114523598234438279e-02,-2.813984267090669303e-02,2.140872866766307860e-03,4.480642656462575230e-02,3.482092614206409864e-02,6.691636637266819764e-04
2.921073675155639648e+00,-1.114540680039124293e-02,-2.814016604964098348e-02,2.140876208112903537e-03,4.480639672464675760e-02,3.482088258022308924e-02,6.691488947904324471e-04
2.921085834503173828e+00,-1.114556236452640334e-02,-2.814046056537708451e-02,2.140879256354908267e-03,4.480639902673110020e-02,3.482086963211574598e-02,6.691611614604530116e-04
2.921097755432128906e+00,-1.114571487774003271e-02,-2.814074932213038449e-02,2.140882250672249219e-03,4.480642023260324874e-02,3.482082643387020282e-02,6.691281481317210358e-04
2.979829311370849609e+00,-1.190311599468494956e-02,-2.976513360487272400e-02,2.146258015914459267e-03,4.477498608942407504e-02,3.473803290725417658e-02,7.756824204146762483e-04
2.979903697967529297e+00,-1.190408295723694929e-02,-2.976744652909663752e-02,2.146252821988967746e-03,4.477533865071352953e-02,3.473827431766603885e-02,7.755713326519743985e-04
2.979939222335815430e+00,-1.190454483194261504e-02,-2.976855115748161529e-02,2.146250312085600572e-03,4.477535340136083036e-02,3.473828013777664064e-02,7.755654925873662741e-04
2.979970932006835938e+00,-1.190495718931575304e-02,-2.976953713208104618e-02,2.146248062271681641e-03,4.477533894976005319e-02,3.473825572638129106e-02,7.756167386564622986e-04
2.980000019073486328e+00,-1.190533545174258037e-02,-2.977044145044583853e-02,2.146245938264321022e-03,4.477546713167235293e-02,3.473830650890351313e-02,7.756190992029056170e-04
2.980028629302978516e+00,-1.190570750549337954e-02,-2.977133085171236246e-02,2.146243855295552633e-03,4.477556867334914203e-02,3.473827285539796139e-02,7.756391088458725871e-04
3.039700746536254883e+00,-1.270527113331641929e-02,-3.162219517522937146e-02,2.325253344393918547e-03,4.440773269817973462e-02,3.476518154103724889e-02,7.787937366806840745e-04
3.039780378341674805e+00,-1.270636937660771584e-02,-3.162466003233018602e-02,2.325736886914860687e-03,4.440744976069201100e-02,3.476523190520222628e-02,7.787479526765817093e-04
3.039815664291381836e+00,-1.270685591417617701e-02,-3.162575249141724026e-02,2.325951160289120231e-03,4.440724850574343657e-02,3.476538373029640361e-02,7.785882555577514812e-04
3.039845228195190430e+00,-1.270726353212502276e-02,-3.162666789007122919e-02,2.326130612632378459e-03,4.440729193153419158e-02,3.476542447665621066e-02,7.785911232180858267e-04
3.039875030517578125e+00,-1.270767445636565400e-02,-3.162759074372829826e-02,2.326311485194261681e-03,4.440745459120176708e-02,3.476546914924098786e-02,7.786080960934017598e-04
3.039902925491333008e+00,-1.270805909696919901e-02,-3.162845461085298654e-02,2.326480802717344545e-03,4.440748213688319040e-02,3.476554895449983362e-02,7.786585619801297473e-04
3.090724229812622070e+00,-1.353069889811062826e-02,-3.313730204441420191e-02,2.710165341599860868e-03,4.473915797656517757e-02,3.488931226302432326e-02,8.488019069879047503e-04
3.090806245803833008e+00,-1.353222332186628137e-02,-3.313963183368014848e-02,2.710906114453868164e-03,4.473895382625304312e-02,3.488913418619816326e-02,8.486707767035595864e-04
3.090839862823486328e+00,-1.353284823411024518e-02,-3.314058665219082878e-02,2.711209798936669441e-03,4.473875982434132731e-02,3.488906860433817897e-02,8.486610118012199522e-04
3.090868949890136719e+00,-1.353338896962588862e-02,-3.314141274324573089e-02,2.711472516613498002e-03,4.473875642507504219e-02,3.488898006896077458e-02,8.486872147914559846e-04
3.090897560119628906e+00,-1.353392085263156221e-02,-3.314222524935666464e-02,2.711730914689891841e-03,4.473871049347836332e-02,3.488899879477199567e-02,8.486653763332654065e-04
3.150004386901855469e+00,-1.470461257248757703e-02,-3.490700463534029269e-02,3.227074892505243237e-03,4.454368441775612142e-02,3.489938277224562124e-02,9.792444057034222372e-04
3.150058507919311523e+00,-1.470575022572722518e-02,-3.490869961492725632e-02,3.227529788819696443e-03,4.454363350496282764e-02,3.489927936558805122e-02,9.791616779318030196e-04
3.150079727172851562e+00,-1.470619622438031418e-02,-3.490936422575598164e-02,3.227708126976791634e-03,4.454375293546032621e-02,3.489928804747270685e-02,9.791976281914463540e-04
3.150097608566284180e+00,-1.470657205772263852e-02,-3.490992432293887199e-02,3.227858431916713448e-03,4.454377843269816117e-02,3.489928784470874845e-02,9.792643908484049454e-04
3.150114774703979492e+00,-1.470693285397161112e-02,-3.491046204753648491e-02,3.228002747085532542e-03,4.454375422261467460e-02,3.489924616780337718e-02,9.792219089201580594e-04
3.150130748748779297e+00,-1.470726860162350179e-02,-3.491096244141197319e-02,3.228137039126980582e-03,4.454374282009748720e-02,3.489919313043055027e-02,9.792488427936524124e-04
3.200754404067993164e+00,-1.582591786730640215e-02,-3.639424504349877271e-02,3.557814501880918190e-03,4.464517615146033208e-02,3.471268551052068829e-02,1.027280640996135067e-03
3.200825929641723633e+00,-1.582757562984123817e-02,-3.639619564361391835e-02,3.558144715821351042e-03,4.464558378065774241e-02,3.471260227695570355e-02,1.027210299692945779e-03
3.200854778289794922e+00,-1.582824429669477465e-02,-3.639698225240762391e-02,3.558277874437873120e-03,4.464565469740747194e-02,3.471255349213361180e-02,1.027214273066830250e-03
3.200879812240600586e+00,-1.582882454274319936e-02,-3.639766482160188693e-02,3.558393454190092193e-03,4.464557675525408775e-02,3.471259890158410327e-02,1.027139687142294717e-03
3.200904130935668945e+00,-1.582938822084851288e-02,-3.639832788854620305e-02,3.558505768947055337e-03,4.464549050188226786e-02,3.471256848038476589e-02,1.027089361871244902e-03
3.259537935256958008e+00,-1.711988909289355668e-02,-3.818831711933402123e-02,3.912989059156903732e-03,4.428392580974877674e-02,3.480661576200662355e-02,9.259078082533582412e-04
3.259589910507202148e+00,-1.712097220903950959e-02,-3.819007354989458619e-02,3.913377370277858723e-03,4.428384571666455632e-02,3.480661215535411218e-02,9.258507826310560795e-04
3.259607553482055664e+00,-1.712133985965325414e-02,-3.819066982638361085e-02,3.913509155576558492e-03,4.428388508506390236e-02,3.480663639008006738e-02,9.258424549219549955e-04
3.259623289108276367e+00,-1.712166776586896214e-02,-3.819120165415600815e-02,3.913626687474108801e-03,4.428400793842948019e-02,3.480659267975339671e-02,9.258915953867087687e-04
3.259638071060180664e+00,-1.712197580601429112e-02,-3.819170125763909907e-02,3.913737092200722349e-03,4.428408591611859152e-02,3.480661691020189852e-02,9.259179510800329312e-04
3.259653091430664062e+00,-1.712228882447200742e-02,-3.819220891184326588e-02,3.913849280181559004e-03,4.428416000123616691e-02,3.480662360991550880e-02,9.259163635238139593e-04
3.319946527481079102e+00,-1.841525390298604653e-02,-4.004698618220056683e-02,4.494251184206089940e-03,4.415397842067287498e-02,3.484942807345927512e-02,9.440929059060395277e-04
3.320033788681030273e+00,-1.841717790641063043e-02,-4.004940541847554214e-02,4.495279350286229304e-03,4.415366282867565217e-02,3.484954580124988155e-02,9.440292071670776386e-04
3.320074319839477539e+00,-1.841807154218453105e-02,-4.005052895137550806e-02,4.495756863304031618e-03,4.415343121485414135e-02,3.484956868877703978e-02,9.440761886044528751e-04
3.320111274719238281e+00,-1.841888630498893231e-02,-4.005155338965445122e-02,4.496192221241692051e-03,4.415312452170409158e-02,3.484948487821889346e-02,9.441434631967974764e-04
3.320147514343261719e+00,-1.841968527944606165e-02,-4.005255807164054271e-02,4.496619109716779375e-03,4.415301869121088935e-02,3.484950336400953474e-02,9.441066323227865825e-04
3.320181608200073242e+00,-1.842043693334229765e-02,-4.005350333857531780e-02,4.497020664728781578e-03,4.415307320258977930e-02,3.484945330639754174e-02,9.439600826322818578e-04
3.370939016342163086e+00,-1.955469341950453327e-02,-4.157005678896072420e-02,5.176013414324893112e-03,4.432303522613351837e-02,3.500208361003526863e-02,1.019046253012915321e-03
3.371026039123535156e+00,-1.955666421938934488e-02,-4.157284411727367457e-02,5.177317005351408409e-03,4.432315616944091513e-02,3.500241889702253306e-02,1.019069176531134597e-03
3.371067523956298828e+00,-1.955760379396956350e-02,-4.157417285597107132e-02,5.177938592592542730e-03,4.432304330341341192e-02,3.500242508221067250e-02,1.019147275096502414e-03
3.371104478836059570e+00,-1.955844084452471043e-02,-4.157535644918616130e-02,5.178492283761952988e-03,4.432308501051564903e-02,3.500233805573241264e-02,1.019131385353581019e-03
3.371138811111450195e+00,-1.955921853789080109e-02,-4.157645596010572930e-02,5.179006611146850028e-03,4.432300629943318471e-02,3.500234611732310624e-02,1.019098433110842512e-03
3.430317640304565430e+00,-2.093867060364473093e-02,-4.341834741420757399e-02,6.010956213163593138e-03,4.434664550133059907e-02,3.488957178177773399e-02,1.023095248988386240e-03
3.430404186248779297e+00,-2.094074485676646752e-02,-4.342096310670528342e-02,6.012093275383299101e-03,4.434637453271451923e-02,3.488944374898578227e-02,1.023113322227175688e-03
3.430445909500122070e+00,-2.094174480340287373e-02,-4.342222406818447428e-02,6.012641509846337884e-03,4.434620748082377523e-02,3.488951171095525106e-02,1.023177673122621992e-03
3.430483579635620117e+00,-2.094264754350086410e-02,-4.342336256071995665e-02,6.013136476245460257e-03,4.434623757415315226e-02,3.488958573950918379e-02,1.023146492017177169e-03
3.430518865585327148e+00,-2.094349309408294335e-02,-4.342442910316174354e-02,6.013600155315915533e-03,4.434621847991249144e-02,3.488961124611660719e-02,1.023151570758616506e-03
3.430553197860717773e+00,-2.094431575734253051e-02,-4.342546695843123306e-02,6.014051332928141078e-03,4.434624395317716267e-02,3.488962428223579132e-02,1.023172744805882044e-03
3.490046977996826172e+00,-2.235787575625407253e-02,-4.534880722358355237e-02,6.738115599138949641e-03,4.459840895526104299e-02,3.467381126922516182e-02,8.802324761978785449e-04
3.490088939666748047e+00,-2.235886434653939700e-02,-4.535025173869277476e-02,6.738585524172089475e-03,4.459841549425427182e-02,3.467377988315075571e-02,8.801298327754108076e-04
3.490103483200073242e+00,-2.235920700741297548e-02,-4.535075237961166961e-02,6.738748382378946349e-03,4.459847849836608841e-02,3.467377075103766221e-02,8.801465496602068348e-04
3.490115880966186523e+00,-2.235949911851026206e-02,-4.535117913906525772e-02,6.738887211946056020e-03,4.459845300290408293e-02,3.467375643057128004e-02,8.801443916135633224e-04
3.490127563476562500e+00,-2.235977438115089796e-02,-4.535158126501305509e-02,6.739018037350460663e-03,4.459842374047174457e-02,3.467376268085189256e-02,8.801569794114087394e-04
3.490139484405517578e+00,-2.236005526430527926e-02,-4.535199159215819870e-02,6.739151537739181824e-03,4.459838873668885845e-02,3.467375303966335059e-02,8.801572237576721228e-04
3.540012836456298828e+00,-2.353329339714894247e-02,-4.714760228413975018e-02,7.259369699287646777e-03,4.439406657237571219e-02,3.451251036982651288e-02,7.011346090986457199e-04
3.540090799331665039e+00,-2.353512441928183249e-02,-4.715053282432261211e-02,7.260122868512886539e-03,4.439421133065520053e-02,3.451235930576698058e-02,7.010388727849806460e-04
3.540127038955688477e+00,-2.353597550226655538e-02,-4.715189519152673120e-02,7.260472880828264079e-03,4.439419768796199622e-02,3.451244641446789274e-02,7.010856318214254198e-04
3.540160179138183594e+00,-2.353675379010097476e-02,-4.715314111557214471e-02,7.260792906016905017e-03,4.439440581293676441e-02,3.451241328423949178e-02,7.010885578054468995e-04
3.540192604064941406e+00,-2.353751529842183429e-02,-4.715436020230056452e-02,7.261106017601836465e-03,4.439461351052113175e-02,3.451251762602751405e-02,7.010901921026884906e-04
3.599352359771728516e+00,-2.496466058340977845e-02,-4.938132524550527258e-02,7.921921773035094441e-03,4.451486589369553493e-02,3.449722683415280822e-02,6.438949642282074766e-04
3.599450111389160156e+00,-2.496708123011255956e-02,-4.938500900477568734e-02,7.923161609897684185e-03,4.451496025906601095e-02,3.449741394446376175e-02,6.439133604588363627e-04
3.599492788314819336e+00,-2.496813815530637623e-02,-4.938661708877462725e-02,7.923702945136104278e-03,4.451507760124220198e-02,3.449751040232702792e-02,6.439128145301599654e-04
3.599528312683105469e+00,-2.496901797478564763e-02,-4.938795558407480663e-02,7.924153566236769031e-03,4.451519733536819790e-02,3.449742938163637140e-02,6.439395268465188333e-04
3.599562406539916992e+00,-2.496986236834876360e-02,-4.938924012112423656e-02,7.924586046710610163e-03,4.451496876475294351e-02,3.449741544986337921e-02,6.439747759418354813e-04
3.599599123001098633e+00,-2.497077173154776258e-02,-4.939062344651135722e-02,7.925051747513621112e-03,4.451495712496832124e-02,3.449731678975488658e-02,6.439315773656802610e-04
3.650320053100585938e+00,-2.620855039197243427e-02,-5.137306763685234312e-02,8.580418508060494096e-03,4.445891253280366551e-02,3.432827540947060163e-02,6.197428788612183419e-04
3.650414705276489258e+00,-2.621082580957596192e-02,-5.137690097797371208e-02,8.581664415643168453e-03,4.445920912808586090e-02,3.432817577835642342e-02,6.197527019547736027e-04
3.650455236434936523e+00,-2.621180013710252762e-02,-5.137854270874783053e-02,8.582198096489522185e-03,4.445918222316987828e-02,3.432828658859611581e-02,6.196806247961097634e-04
3.650493621826171875e+00,-2.621272288441510098e-02,-5.138009762639400568e-02,8.582703554596126522e-03,4.445933695287725834e-02,3.432850750351680580e-02,6.198100170295509906e-04
3.650527954101562500e+00,-2.621354823526116790e-02,-5.138148840161096964e-02,8.583155636678135858e-03,4.445931039521569539e-02,3.432836708388214975e-02,6.198508521806049684e-04
3.710186481475830078e+00,-2.776987089941951661e-02,-5.369056699091948048e-02,9.292899836474598219e-03,4.438242156830744800e-02,3.424330162741084926e-02,4.943460710668713546e-04
3.710276842117309570e+00,-2.777241321005792518e-02,-5.369390092911879853e-02,9.293859681386146959e-03,4.438249191224760692e-02,3.424302272338596714e-02,4.946762114678460468e-04
3.710315704345703125e+00,-2.777350669020827237e-02,-5.369533457101900720e-02,9.294272393542434008e-03,4.438244146362699261e-02,3.424288734724348360e-02,4.947190859494335693e-04
3.710350751876831055e+00,-2.777449286950455648e-02,-5.369662740502260945e-02,9.294644632909711962e-03,4.438229055751149316e-02,3.424274943539968447e-02,4.947762453988874569e-04
3.710385322570800781e+00,-2.777546561842572995e-02,-5.369790260983308555e-02,9.295011784959389747e-03,4.438245053655317379e-02,3.424263582979342191e-02,4.946514148388126385e-04
3.710419416427612305e+00,-2.777642494651609562e-02,-5.369916031484732455e-02,9.295373907838402547e-03,4.438261154389204488e-02,3.424250802925731668e-02,4.946302126522419788e-04
3.760853767395019531e+00,-2.915491157621408549e-02,-5.567698455932809654e-02,9.811186046595577609e-03,4.409602703167462417e-02,3.444161353975151718e-02,5.136058863859381584e-04
3.760903835296630859e+00,-2.915623971575752316e-02,-5.567906445238635094e-02,9.811678218612205488e-03,4.409621077411349233e-02,3.444153657861900864e-02,5.135177464516958203e-04
3.760920047760009766e+00,-2.915666978521982977e-02,-5.567973797232211169e-02,9.811837549733968752e-03,4.409625729144530520e-02,3.444153323126771665e-02,5.135009257438018877e-04
3.760933160781860352e+00,-2.915701764541788962e-02,-5.568028272955633656e-02,9.811966410753049719e-03,4.409630551714203983e-02,3.444155703777655730e-02,5.135012513724665452e-04
3.760946750640869141e+00,-2.915737816100947080e-02,-5.568084728571737890e-02,9.812099957576425613e-03,4.409636437953886462e-02,3.444156792886150786e-02,5.135125615315809305e-04
3.820818901062011719e+00,-3.074725332941453948e-02,-5.804283868256730761e-02,1.051845906221145037e-02,4.416133580444281392e-02,3.462249601812676658e-02,5.335636760743912681e-04
3.820894241333007812e+00,-3.074925601682229961e-02,-5.804565308439017107e-02,1.051949651038089004e-02,4.416074037356135934e-02,3.462266159005285282e-02,5.335904419468992348e-04
3.820930242538452148e+00,-3.075021304488648882e-02,-5.804699781706314926e-02,1.051999232049899771e-02,4.416069058796300711e-02,3.462256833757336449e-02,5.336950118881633514e-04
3.820963621139526367e+00,-3.075110035789340585e-02,-5.804824461325370361e-02,1.052045200110052724e-02,4.416055982829189541e-02,3.462251900273127792e-02,5.336232335962959490e-04
3.820994853973388672e+00,-3.075193063856684200e-02,-5.804941132772720863e-02,1.052088213645563201e-02,4.416053943168999490e-02,3.462253213368352012e-02,5.336074495105961333e-04
3.821025848388671875e+00,-3.075275459419688287e-02,-5.805056920526877051e-02,1.052130895590965357e-02,4.416059726672605379e-02,3.462249685421796980e-02,5.334897092785612863e-04
3.879601478576660156e+00,-3.236052926713098299e-02,-6.044591036770317199e-02,1.144108494955316420e-02,4.499042515901317124e-02,3.481396640624017519e-02,5.226212399367676344e-04
3.879687309265136719e+00,-3.236295921210975701e-02,-6.044972382180227588e-02,1.144259920472365070e-02,4.499032439047931375e-02,3.481402024327312494e-02,5.227190945187973510e-04
3.879727602005004883e+00,-3.236409993427047382e-02,-6.045151408694473399e-02,1.144331033068124968e-02,4.499042364340174321e-02,3.481403667541405067e-02,5.226770122750897278e-04
3.879763364791870117e+00,-3.236511244450037544e-02,-6.045310304236780480e-02,1.144394149535220458e-02,4.499050380576097991e-02,3.481407263255364981e-02,5.227195152321527805e-04
3.879798412322998047e+00,-3.236610469536561202e-02,-6.045466017407559456e-02,1.144456002604713959e-02,4.499062866316379250e-02,3.481400308384364345e-02,5.227529429165260260e-04
3.879833698272705078e+00,-3.236710368294786616e-02,-6.045622781308743893e-02,1.144518268301366638e-02,4.499051262738013035e-02,3.481416592475172073e-02,5.227003418502635572e-04
3.930186986923217773e+00,-3.388436552804582197e-02,-6.269573283376994599e-02,1.234787741979474947e-02,4.513810423356593576e-02,3.455984687194663119e-02,5.217413201181577212e-04
3.930259704589843750e+00,-3.388668892365922364e-02,-6.269897086710897460e-02,1.234920167742969976e-02,4.513769889950397518e-02,3.455976758473129629e-02,5.215980471940516883e-04
3.930292129516601562e+00,-3.388772486387674893e-02,-6.270041482474122962e-02,1.234979218708525533e-02,4.513788412518594112e-02,3.455961707745192762e-02,5.216079379306017786e-04
3.930321693420410156e+00,-3.388866936595786444e-02,-6.270173145796882619e-02,1.235033064988015107e-02,4.513785666625672738e-02,3.455951186244234780e-02,5.216668519157563119e-04
3.930351018905639648e+00,-3.388960621552295632e-02,-6.270303756309120180e-02,1.235086479437986183e-02,4.513777360641828273e-02,3.455946899264374789e-02,5.216178596411787062e-04
3.990087270736694336e+00,-3.586583548347218459e-02,-6.549653020670419268e-02,1.345701176206452743e-02,4.541807681654760204e-02,3.448689368923420207e-02,5.332109222497558379e-04
3.990161895751953125e+00,-3.586838917530527082e-02,-6.550018589224197718e-02,1.345841613173145469e-02,4.541797732660584480e-02,3.448707800005258034e-02,5.333264449121887787e-04
3.990201711654663086e+00,-3.586975182149437780e-02,-6.550213626687267920e-02,1.345916530118295047e-02,4.541808619333442126e-02,3.448689178438234942e-02,5.333392472658462233e-04
3.990235805511474609e+00,-3.587091867084159919e-02,-6.550380624197001123e-02,1.345980680390506182e-02,4.541823566437581255e-02,3.448680732956845019e-02,5.334064915167727530e-04
3.990271091461181641e+00,-3.587212630506796118e-02,-6.550553450875729045e-02,1.346047080874875762e-02,4.541810345292970896e-02,3.448673378651195137e-02,5.332959949367582341e-04
3.990306138992309570e+00,-3.587332577803138689e-02,-6.550725100686240199e-02,1.346113036601692334e-02,4.541815580464944602e-02,3.448671791449185037e-02,5.333034822050870035e-04
4.049324512481689453e+00,-3.789205959278139912e-02,-6.850327701970387873e-02,1.454996608515919145e-02,4.514474388043240166e-02,3.452354459632605427e-02,4.800009070663841470e-04
4.049410104751586914e+00,-3.789498547720245719e-02,-6.850777541565369888e-02,1.455151330558634125e-02,4.514409272637288917e-02,3.452334984311598159e-02,4.800032091796265876e-04
4.049449205398559570e+00,-3.789632200019970448e-02,-6.850983059179467649e-02,1.455221996849683647e-02,4.514421427593294511e-02,3.452333507605470642e-02,4.800550021552039233e-04
4.049484729766845703e+00,-3.789753626889302146e-02,-6.851169792395576941e-02,1.455286193098862500e-02,4.514435482533930843e-02,3.452330533410365165e-02,4.800252878822221020e-04
4.049519538879394531e+00,-3.789872611952500164e-02,-6.851352772593580220e-02,1.455349095681040573e-02,4.514445922211408890e-02,3.452320175375417355e-02,4.800601388682464729e-04
4.049554347991943359e+00,-3.789991602364065765e-02,-6.851535751169285371e-02,1.455412000229718873e-02,4.514456103016412092e-02,3.452313240139531780e-02,4.801326966587539900e-04
4.100659132003784180e+00,-3.974403852136464826e-02,-7.109843116683196851e-02,1.557633286889856077e-02,4.525103379854267943e-02,3.434892901194077502e-02,4.727777351074000990e-04
4.100747346878051758e+00,-3.974738942723573393e-02,-7.110271129697907921e-02,1.557826762644625579e-02,4.525010646129248859e-02,3.434931980449218436e-02,4.728824612630320458e-04
4.100787878036499023e+00,-3.974892908211505316e-02,-7.110467758846607256e-02,1.557915647518687101e-02,4.524988916900485325e-02,3.434921933780568648e-02,4.729321075575801565e-04
4.100823879241943359e+00,-3.975029672832542521e-02,-7.110642407825740197e-02,1.557994590119752415e-02,4.524989452491370162e-02,3.434913560527812909e-02,4.729779591135627355e-04
4.100858449935913086e+00,-3.975161007230903348e-02,-7.110810124790326037e-02,1.558070394364803081e-02,4.524983313739252416e-02,3.434905588108748409e-02,4.730114937237922253e-04
4.160686254501342773e+00,-4.194517590713443128e-02,-7.411351798590315454e-02,1.671566171542912885e-02,4.500892374289418296e-02,3.434467548040133489e-02,2.594396455011705079e-04
4.160777807235717773e+00,-4.194841140348998243e-02,-7.411827493393237376e-02,1.671712791444841806e-02,4.500938845856294196e-02,3.434445009219198180e-02,2.593360148764506422e-04
4.160816192626953125e+00,-4.194976799509123055e-02,-7.412026965634578579e-02,1.671774270491589720e-02,4.500946125445406953e-02,3.434435959798054494e-02,2.592913710493388048e-04
4.160850286483764648e+00,-4.195097292633910568e-02,-7.412204143589157246e-02,1.671828881422438365e-02,4.500971003758254957e-02,3.434428769072060683e-02,2.594104043739356067e-04
4.160882949829101562e+00,-4.195212732964048730e-02,-7.412373888004024358e-02,1.671881203106612146e-02,4.500973013650595017e-02,3.434412307417415711e-02,2.593997160385538088e-04
4.160913944244384766e+00,-4.195322274958775133e-02,-7.412534956144445353e-02,1.671930847600903644e-02,4.500982199868987232e-02,3.434418114823246243e-02,2.594138486647650952e-04
4.220294952392578125e+00,-4.412164324571121038e-02,-7.711881519694332998e-02,1.768674551299822054e-02,4.502532524750543080e-02,3.431024655248079286e-02,8.616001859295164975e-06
4.220427989959716797e+00,-4.412665755508873855e-02,-7.712531396538523099e-02,1.768894950707585942e-02,4.502552357745793349e-02,3.431067286532747673e-02,8.442406270573704660e-06
4.220472574234008789e+00,-4.412833795881555138e-02,-7.712749150887446281e-02,1.768968806582149611e-02,4.502547934799750601e-02,3.431052701957119228e-02,8.403220880238608127e-06
4.220509052276611328e+00,-4.412971280293816190e-02,-7.712927312333434093e-02,1.769029236515140546e-02,4.502556121185442850e-02,3.431048375391444749e-02,8.321724361610944586e-06
4.220544099807739258e+00,-4.413103368573820934e-02,-7.713098495206548166e-02,1.769087301243540272e-02,4.502548028588672369e-02,3.431043788963900054e-02,8.313271444586355015e-06
4.220579624176025391e+00,-4.413237252061175814e-02,-7.713272024757560075e-02,1.769146160299871207e-02,4.502551640358024021e-02,3.431045651517495437e-02,8.360818426658727558e-06
4.270840644836425781e+00,-4.603348875816285629e-02,-7.977555563988898701e-02,1.844928556392275848e-02,4.481196583957172686e-02,3.446193110421751776e-02,-8.602653809692787517e-05
4.270916461944580078e+00,-4.603636701982020268e-02,-7.977982525547384907e-02,1.845031531239451489e-02,4.481207379965255339e-02,3.446190015954826019e-02,-8.593435343006461413e-05
4.270948648452758789e+00,-4.603758897940565809e-02,-7.978163785532493835e-02,1.845075234216259769e-02,4.481225382577901095e-02,3.446203239584955808e-02,-8.585771096861644644e-05
4.270978212356567383e+00,-4.603871142868464633e-02,-7.978330270613710751e-02,1.845115378961556182e-02,4.481228244295756835e-02,3.446193942648897307e-02,-8.586395926812302553e-05
4.271007299423217773e+00,-4.603981580081865921e-02,-7.978494061758087397e-02,1.845154881333591762e-02,4.481204994314150897e-02,3.446191687731217645e-02,-8.592579483150953039e-05
4.329921722412109375e+00,-4.833064583063536451e-02,-8.302777671892550004e-02,1.920965920757400011e-02,4.468148124831716056e-02,3.464684470807848082e-02,7.381662027859898093e-06
4.329964399337768555e+00,-4.833234436670399981e-02,-8.303007172269882830e-02,1.921017790148045815e-02,4.468125784338096429e-02,3.464687384663962116e-02,7.389012310593095729e-06
4.329980134963989258e+00,-4.833297063193137816e-02,-8.303091791460918969e-02,1.921036914113281521e-02,4.468121951503846445e-02,3.464684211078696702e-02,7.389281858699110257e-06
4.329993486404418945e+00,-4.833350200493403276e-02,-8.303163591441758973e-02,1.921053140807568727e-02,4.468113641387632534e-02,3.464685340476676700e-02,7.373814241993357799e-06
4.330005645751953125e+00,-4.833398593388423675e-02,-8.303228982830694604e-02,1.921067918702622224e-02,4.468112063704828690e-02,3.464688084126755357e-02,7.352773053014057054e-06
4.330017805099487305e+00,-4.833446986416393282e-02,-8.303294375626006640e-02,1.921082695811018523e-02,4.468112599230347065e-02,3.464693553644979107e-02,7.374782113995107767e-06
4.381127357482910156e+00,-5.037164293203277854e-02,-8.588367952837112906e-02,1.998793203772396623e-02,4.493923496434010928e-02,3.454477002043063877e-02,5.931016262358214175e-05
4.381171464920043945e+00,-5.037340369361290038e-02,-8.588622777534513086e-02,1.998873737887863281e-02,4.493916458116156004e-02,3.454472152285494729e-02,5.919530630238418442e-05
4.381185531616210938e+00,-5.037396525316711199e-02,-8.588704044784306602e-02,1.998899423305145959e-02,4.493910590336991362e-02,3.454472619286811513e-02,5.915624436941885258e-05
4.381218433380126953e+00,-5.037527876581921610e-02,-8.588894122455341396e-02,1.998959499345222615e-02,4.493922663303683701e-02,3.454463516443842530e-02,5.910515032856847914e-05
4.381235599517822266e+00,-5.037596408811268606e-02,-8.588993290759509847e-02,1.998990843687161942e-02,4.493908204724954281e-02,3.454462792587002784e-02,5.911004948215798987e-05
4.439674615859985352e+00,-5.272823839849929972e-02,-8.920197345431386815e-02,2.104377200232178391e-02,4.468502140620642799e-02,3.460177052944606729e-02,1.006555704572349345e-04
4.439765453338623047e+00,-5.273192466541061496e-02,-8.920702260003086914e-02,2.104538963538014201e-02,4.468464209230718631e-02,3.460150912025057590e-02,1.008305518290127507e-04
4.439809083938598633e+00,-5.273369521795947396e-02,-8.920944798640190188e-02,2.104616666874456130e-02,4.468448701467453432e-02,3.460158880210907617e-02,1.006609294940902184e-04
4.439848423004150391e+00,-5.273529154744943659e-02,-8.921163491285066804e-02,2.104686728739034798e-02,4.468434509633015250e-02,3.460158163824798155e-02,1.006490971041138714e-04
4.439883708953857422e+00,-5.273672336535194238e-02,-8.921359662255740064e-02,2.104749570431455052e-02,4.468455274351470358e-02,3.460178865844516782e-02,1.006121165888610613e-04
4.439919233322143555e+00,-5.273816488411940673e-02,-8.921557170058157238e-02,2.104812838375278231e-02,4.468481884712582203e-02,3.460186043275477463e-02,1.006327147995368025e-04
4.499275684356689453e+00,-5.516363338220637430e-02,-9.242367209211449497e-02,2.194567630028758723e-02,4.469361600743251839e-02,3.472597936335210939e-02,1.363009106490900503e-04
4.499354362487792969e+00,-5.516687085661758222e-02,-9.242780209492176824e-02,2.194665417763192947e-02,4.469386470000211165e-02,3.472585608514812405e-02,1.366444979331028189e-04
4.499389648437500000e+00,-5.516832291512257375e-02,-9.242965414722126294e-02,2.194709262706146663e-02,4.469396394798909322e-02,3.472577127235169231e-02,1.366642925781187874e-04
4.499422311782836914e+00,-5.516966710712405131e-02,-9.243136847547889223e-02,2.194749852142294927e-02,4.469386090834629593e-02,3.472570208701865335e-02,1.366909307745203860e-04
4.499453783035278320e+00,-5.517096228876069985e-02,-9.243302021973119620e-02,2.194788967738520863e-02,4.469377154530966567e-02,3.472574319140245280e-02,1.366240014272976366e-04
4.499484062194824219e+00,-5.517220841637002909e-02,-9.243460947483139734e-02,2.194826613025616449e-02,4.469367842827889209e-02,3.472573086334641845e-02,1.366177976680525241e-04
4.550034761428833008e+00,-5.726962545329555149e-02,-9.528020901081619976e-02,2.264815775358917233e-02,4.450307860998258674e-02,3.463014800584993114e-02,7.077983608536421217e-05
4.550087928771972656e+00,-5.727184935117702463e-02,-9.528340423525814840e-02,2.264896879797344623e-02,4.450312361497740787e-02,3.463006356788080747e-02,7.082463134364584505e-05
4.550102710723876953e+00,-5.727246764958727338e-02,-9.528429263793092296e-02,2.264919427050608031e-02,4.450319873848573166e-02,3.462999551129115894e-02,7.083357688163788193e-05
4.550115346908569336e+00,-5.727299619730897434e-02,-9.528505209205026527e-02,2.264938702049536928e-02,4.450324762935748552e-02,3.462997308124289575e-02,7.079226425411179306e-05
4.550127744674682617e+00,-5.727351477866332585e-02,-9.528579721364051347e-02,2.264957613515284490e-02,4.450327907597423360e-02,3.462999056395208580e-02,7.083693233857373309e-05
4.610270023345947266e+00,-5.978151241630657448e-02,-9.873544074554291283e-02,2.342903471275596672e-02,4.468604986725544653e-02,3.452326900175627794e-02,-5.376647460431909501e-05
4.610345363616943359e+00,-5.978464459515632490e-02,-9.873955536182067727e-02,2.342983873362049219e-02,4.468657969068819125e-02,3.452294782834514769e-02,-5.348388542660585042e-05
4.610379934310913086e+00,-5.978608182311711400e-02,-9.874144334687798286e-02,2.343020790976189927e-02,4.468624380908443189e-02,3.452300408417415672e-02,-5.365125362885373030e-05
4.610411167144775391e+00,-5.978738026454132048e-02,-9.874314902663598736e-02,2.343054145467289920e-02,4.468603920831032417e-02,3.452318315364322210e-02,-5.366361548318275516e-05
4.610440254211425781e+00,-5.978858948268563761e-02,-9.874473752260722048e-02,2.343085202683900872e-02,4.468605347180303750e-02,3.452323913992776799e-02,-5.368546779519821306e-05
4.610469579696655273e+00,-5.978980860526875163e-02,-9.874633912650118694e-02,2.343116517672896859e-02,4.468603566991809217e-02,3.452320565011370024e-02,-5.373340719756723185e-05
4.661110877990722656e+00,-6.182832602957150786e-02,-1.015906175093061053e-01,2.383670942429229681e-02,4.453329954321206402e-02,3.468649056383721341e-02,-8.211993109107623278e-05
4.661156892776489258e+00,-6.183011768660808677e-02,-1.015932731996304766e-01,2.383695489972896889e-02,4.453375292677691499e-02,3.468652900331450212e-02,-8.214019834760386766e-05
4.661171674728393555e+00,-6.183069326338549998e-02,-1.015941263500696051e-01,2.383703375902073221e-02,4.453384443259407466e-02,3.468649676750466815e-02,-8.216572891523089188e-05
4.661184549331665039e+00,-6.183119458048592226e-02,-1.015948694287897025e-01,2.383710246704042260e-02,4.453383004994326128e-02,3.468646316346408326e-02,-8.215310543893221396e-05
4.661196231842041016e+00,-6.183164948248041914e-02,-1.015955436988392746e-01,2.383716481134874263e-02,4.453385410722354720e-02,3.468647079607567463e-02,-8.215588735231372705e-05
4.719952344894409180e+00,-6.423016249169527514e-02,-1.048820715871894155e-01,2.420041075692791824e-02,4.441881642414752945e-02,3.492498172638301007e-02,3.886536852950980738e-05
4.720037221908569336e+00,-6.423378712959287862e-02,-1.048866674983773700e-01,2.420100668472868061e-02,4.441870758009837383e-02,3.492483257603163499e-02,3.875282293125554693e-05
4.720076084136962891e+00,-6.423544670037074911e-02,-1.048887715792794495e-01,2.420127930147322401e-02,4.441911611245114716e-02,3.492476312174565278e-02,3.871835099675270382e-05
4.720111846923828125e+00,-6.423697387734055020e-02,-1.048907079318919661e-01,2.420153033474864088e-02,4.441894227533344647e-02,3.492474893742453929e-02,3.876255221718299753e-05
4.720147371292114258e+00,-6.423849084714321200e-02,-1.048926314563268375e-01,2.420177978690781634e-02,4.441858720211768613e-02,3.492486632431946597e-02,3.860693311035793884e-05
4.720181703567504883e+00,-6.423995688820556549e-02,-1.048944904800991201e-01,2.420202080891995997e-02,4.441881950049763467e-02,3.492497282290810828e-02,3.863948990394595651e-05
4.779258251190185547e+00,-6.669060011115462983e-02,-1.083197849481444958e-01,2.478811221419240790e-02,4.488656303427392136e-02,3.494561192503919944e-02,2.274519328672594749e-04
4.779342412948608398e+00,-6.669398900004086528e-02,-1.083249873163781851e-01,2.478919105828094466e-02,4.488688468506001755e-02,3.494560492216408631e-02,2.276468135495838424e-04
4.779381513595581055e+00,-6.669556363269489585e-02,-1.083274043079924670e-01,2.478969205218314875e-02,4.488707359027135219e-02,3.494546688472026374e-02,2.277847519403536510e-04
4.779416322708129883e+00,-6.669696551493371761e-02,-1.083295559640237993e-01,2.479013798113013575e-02,4.488720804461678038e-02,3.494539524876999481e-02,2.278288065146491612e-04
4.779451370239257812e+00,-6.669837702370513821e-02,-1.083317222885276793e-01,2.479058696865280714e-02,4.488725187509396558e-02,3.494539943672888421e-02,2.277761585698952879e-04
4.779486656188964844e+00,-6.669979817542609490e-02,-1.083339032714273342e-01,2.479103909157649721e-02,4.488713255825692305e-02,3.494545196180395830e-02,2.277081021335589572e-04
4.830611705780029297e+00,-6.875935218801819404e-02,-1.114313831808791261e-01,2.542480277266680883e-02,4.431479165153070360e-02,3.490745425454801903e-02,3.023869152283416555e-04
4.830690145492553711e+00,-6.876251272329321484e-02,-1.114360399446150257e-01,2.542574214419161469e-02,4.431469215560238789e-02,3.490729553426999421e-02,3.024581847812246333e-04
4.830725431442260742e+00,-6.876393442186351512e-02,-1.114381349443937241e-01,2.542616465844685369e-02,4.431450714095523657e-02,3.490729643903252299e-02,3.024043987919289907e-04
4.830757379531860352e+00,-6.876522161643196240e-02,-1.114400318482945268e-01,2.542654714423256412e-02,4.431454273173876524e-02,3.490727175325983311e-02,3.024618539288806396e-04
4.830788850784301758e+00,-6.876648959173115028e-02,-1.114419004899034754e-01,2.542692386370655477e-02,4.431484160190676119e-02,3.490722732717540383e-02,3.023228899720100380e-04
4.890123128890991211e+00,-7.125725577478465855e-02,-1.149922044428074441e-01,2.622176222914230845e-02,4.435065074520547906e-02,3.507033432500961806e-02,3.440938903840916113e-04
4.890165567398071289e+00,-7.125910900806671500e-02,-1.149947631587385638e-01,2.622239124206428296e-02,4.435065721989826792e-02,3.507051758628654953e-02,3.442163519202966139e-04
4.890179634094238281e+00,-7.125972330071062011e-02,-1.149956112498150412e-01,2.622259974590877840e-02,4.435065111403227456e-02,3.507050488282496131e-02,3.442200692470364439e-04
4.890192031860351562e+00,-7.126026471387340855e-02,-1.149963587176149327e-01,2.622278351242349897e-02,4.435055493371411334e-02,3.507054753928778856e-02,3.442468311590291181e-04
4.890204668045043945e+00,-7.126081653702576180e-02,-1.149971205510138955e-01,2.622297079744289813e-02,4.435056290916281757e-02,3.507054807221791221e-02,3.442479473784721658e-04
4.890216112136840820e+00,-7.126131630159915353e-02,-1.149978105075126489e-01,2.622314041040394242e-02,4.435061354255909888e-02,3.507052944029881436e-02,3.442409869893345515e-04
4.940922260284423828e+00,-7.343225874854752977e-02,-1.180366989929106936e-01,2.693875439132757330e-02,4.402163346694218382e-02,3.503718690604441105e-02,2.299998906819935641e-04
4.941000938415527344e+00,-7.343555991865960419e-02,-1.180413861010844584e-01,2.693980888907327245e-02,4.402173123644263081e-02,3.503718221465194904e-02,2.300448846343989054e-04
4.941036224365234375e+00,-7.343704040704905622e-02,-1.180434882569320193e-01,2.694028185684653465e-02,4.402187483856715572e-02,3.503711511334550721e-02,2.300608295675065696e-04
4.941068649291992188e+00,-7.343840081505610684e-02,-1.180454200957791328e-01,2.694071662198276040e-02,4.402170227526836649e-02,3.503711565427920782e-02,2.300132793140280917e-04
4.941099643707275391e+00,-7.343970121761332626e-02,-1.180472668073108966e-01,2.694113223686259162e-02,4.402160196231355571e-02,3.503717950968851524e-02,2.299751057123608684e-04
5.000624656677246094e+00,-7.603502451587987321e-02,-1.215474067163487687e-01,2.763674728960593963e-02,4.405826651522288390e-02,3.512089819725118522e-02,3.004682623427035204e-04
5.000710487365722656e+00,-7.603890806698294924e-02,-1.215523862186165815e-01,2.763760254843078065e-02,4.405829467067776811e-02,3.512071624264424818e-02,3.003249522282893085e-04
5.000750541687011719e+00,-7.604072050321390719e-02,-1.215547097562339335e-01,2.763800168009262342e-02,4.405833508272332527e-02,3.512086954715016446e-02,3.002596755877359139e-04
5.000788450241088867e+00,-7.604243587012189665e-02,-1.215569086633659923e-01,2.763837939094850385e-02,4.405832989868405103e-02,3.512084863316513456e-02,3.004185251124060819e-04
5.000824689865112305e+00,-7.604407573811376719e-02,-1.215590106579758078e-01,2.763874050554426115e-02,4.405838003247168622e-02,3.512076596727529976e-02,3.004660410397064566e-04
5.000860214233398438e+00,-7.604568322439310413e-02,-1.215610711632506974e-01,2.763909453196170332e-02,4.405831425777876481e-02,3.512079011240148985e-02,3.004169990653038661e-04
5.060394525527954102e+00,-7.875122661062942953e-02,-1.252284088688683794e-01,2.841388096995111495e-02,4.405427710517841738e-02,3.516310764496916735e-02,3.837568116923044241e-04
5.060445308685302734e+00,-7.875354429989470106e-02,-1.252317199622592636e-01,2.841469667508486271e-02,4.405422168076850858e-02,3.516304662714996032e-02,3.838581790005061458e-04
5.060459613800048828e+00,-7.875419714657631853e-02,-1.252326527185056715e-01,2.841492645072936363e-02,4.405425158741992087e-02,3.516305967537339955e-02,3.838530312480855256e-04
5.060472011566162109e+00,-7.875476294931461896e-02,-1.252334611156359079e-01,2.841512558611518011e-02,4.405430772211359203e-02,3.516304255191832207e-02,3.838662077891424602e-04
5.060483932495117188e+00,-7.875530699636627829e-02,-1.252342384212302706e-01,2.841531706011917943e-02,4.405436296460410461e-02,3.516303203412095985e-02,3.839154173876147317e-04
5.060495138168334961e+00,-7.875581840546871937e-02,-1.252349690844241914e-01,2.841549704814676225e-02,4.405438331346350767e-02,3.516303588758296073e-02,3.839477972351010575e-04
5.110538482666015625e+00,-8.106596698626218622e-02,-1.282862414112583560e-01,2.921267774119144442e-02,4.406855581327970978e-02,3.541089391835738898e-02,2.879224103248100171e-04
5.110634326934814453e+00,-8.107044170516285175e-02,-1.282916795611024896e-01,2.921419230094471700e-02,4.406851788540359222e-02,3.541064502189743279e-02,2.879141359110375868e-04
5.110669136047363281e+00,-8.107206684507096972e-02,-1.282936545754695956e-01,2.921474253984149283e-02,4.406811419813132236e-02,3.541067176920174864e-02,2.879409251846745156e-04
5.110701799392700195e+00,-8.107359178855551296e-02,-1.282955078737691990e-01,2.921525882762699561e-02,4.406809362656850110e-02,3.541057659878652647e-02,2.878843649694085602e-04
5.110734462738037109e+00,-8.107511672197212360e-02,-1.282973612436157096e-01,2.921577506391489013e-02,4.406808642605140880e-02,3.541050025319944505e-02,2.878892804474736150e-04
5.170670270919799805e+00,-8.380465650495937113e-02,-1.318966924315903011e-01,3.004715581482150094e-02,4.408029474680868337e-02,3.512034757248166938e-02,2.554882806451979488e-04
5.170757055282592773e+00,-8.380850934472765246e-02,-1.319021915905173314e-01,3.004819190229104930e-02,4.408106866797773665e-02,3.512034394950276639e-02,2.552677260920267754e-04
5.170797348022460938e+00,-8.381029818364586770e-02,-1.319047449214458823e-01,3.004867303287493685e-02,4.408123026414293572e-02,3.512031159909839023e-02,2.552659333057394580e-04
5.170833826065063477e+00,-8.381191772635293580e-02,-1.319070565431323117e-01,3.004910874212633407e-02,4.408112401657534457e-02,3.512017524012520792e-02,2.552123279647216733e-04
5.170868635177612305e+00,-8.381346320281131412e-02,-1.319092623112610718e-01,3.004952449431260927e-02,4.408099917979182991e-02,3.512015830188013749e-02,2.552289807711817472e-04
5.170904397964477539e+00,-8.381505103399769507e-02,-1.319115283784499104e-01,3.004995153703201444e-02,4.408115575676024162e-02,3.512009097752315234e-02,2.551981436413786769e-04
5.229815483093261719e+00,-8.647432570873823943e-02,-1.355154429768645752e-01,3.084582997106281518e-02,4.383095252649941986e-02,3.517064980065039148e-02,2.522297903156194530e-04
5.229913473129272461e+00,-8.647882158704285616e-02,-1.355212231339339712e-01,3.084730743646039303e-02,4.383093396324690139e-02,3.517096168440032866e-02,2.522064671003978477e-04
5.229954242706298828e+00,-8.648069207208482212e-02,-1.355236279985776171e-01,3.084792208296890242e-02,4.383107595334528178e-02,3.517095915400030026e-02,2.521766583225792360e-04
5.229991912841796875e+00,-8.648242030034213046e-02,-1.355258501225375667e-01,3.084849008430382705e-02,4.383109555984048694e-02,3.517088128055013974e-02,2.521348375194183960e-04
5.230027675628662109e+00,-8.648406102038315446e-02,-1.355279598575331867e-01,3.084902944716664056e-02,4.383098661063039581e-02,3.517089388861726479e-02,2.521963413787894361e-04
5.230062246322631836e+00,-8.648564703664730902e-02,-1.355299993829852667e-01,3.084955082573383536e-02,4.383088470656197611e-02,3.517098736021891103e-02,2.522400655128301163e-04
5.280819177627563477e+00,-8.886918966634779760e-02,-1.385525116298797210e-01,3.157803882084186248e-02,4.426723961311646027e-02,3.520222322374397944e-02,3.077766610508166274e-04
5.280905246734619141e+00,-8.887332492999598654e-02,-1.385576844474663283e-01,3.157921143600261188e-02,4.426745854608212655e-02,3.520201871148844613e-02,3.077750380616276751e-04
5.280946016311645508e+00,-8.887528387364256044e-02,-1.385601346426815761e-01,3.157976679630834782e-02,4.426749684526368883e-02,3.520207281079135164e-02,3.076696383467280140e-04
5.280980825424194336e+00,-8.887695645414811496e-02,-1.385622264582427043e-01,3.158024087743418334e-02,4.426769311469606200e-02,3.520209243164058865e-02,3.076098237329137771e-04
5.281015634536743164e+00,-8.887862905157421778e-02,-1.385643181868191354e-01,3.158071504842235172e-02,4.426775040923913024e-02,3.520200295098885324e-02,3.075967103520596047e-04
5.340031862258911133e+00,-9.169394348594250843e-02,-1.420230431661857196e-01,3.239640346902469131e-02,4.363787094275339840e-02,3.527109730359906381e-02,5.920497049071129012e-05
5.340116977691650391e+00,-9.169797419184058662e-02,-1.420279051618899835e-01,3.239759617818353116e-02,4.363764732579797356e-02,3.527092736178476240e-02,5.923704344968821941e-05
5.340156078338623047e+00,-9.169982574418074350e-02,-1.420301388228299988e-01,3.239814393453303853e-02,4.363779734617201367e-02,3.527084732180468807e-02,5.915662865822220043e-05
5.340190649032592773e+00,-9.170146273949850158e-02,-1.420321138574901498e-01,3.239862824434663890e-02,4.363789283952640430e-02,3.527098260121436929e-02,5.915113322379914268e-05
5.340234279632568359e+00,-9.170352871581582965e-02,-1.420346066268708130e-01,3.239923945732010174e-02,4.363810950259226773e-02,3.527096801442140828e-02,5.915120773141882115e-05
5.340268850326538086e+00,-9.170516569149225750e-02,-1.420365818098119348e-01,3.239972375801088850e-02,4.363825377565568736e-02,3.527113334778213261e-02,5.925222877915078994e-05
5.400690317153930664e+00,-9.470813694796076376e-02,-1.453996586661150392e-01,3.336345344539357743e-02,4.387434401886287222e-02,3.524251221327347888e-02,-2.830756986136009453e-05
5.400776147842407227e+00,-9.471260461132199882e-02,-1.454043093077740656e-01,3.336498926254068131e-02,4.387447732168335557e-02,3.524262909746048861e-02,-2.826119559219613539e-05
5.400815486907958984e+00,-9.471465240025714327e-02,-1.454064406988634928e-01,3.336569325187996315e-02,4.387445401623149555e-02,3.524264808715663749e-02,-2.835445250974428166e-05
5.400851011276245117e+00,-9.471650163284299484e-02,-1.454083653104304430e-01,3.336632892226823466e-02,4.387438606614053188e-02,3.524259418496195756e-02,-2.834637924777855624e-05
5.400886297225952148e+00,-9.471833845536745122e-02,-1.454102769561514130e-01,3.336696029719323636e-02,4.387431616457078409e-02,3.524247581666210827e-02,-2.839624142285922327e-05
5.400921821594238281e+00,-9.472018767149538443e-02,-1.454122015532615386e-01,3.336759590897071803e-02,4.387428260077162051e-02,3.524242801011273629e-02,-2.847517022650332467e-05
5.450589895248413086e+00,-9.725177611471982897e-02,-1.482001273147348641e-01,3.424094925924520139e-02,4.397445651957294227e-02,3.531638340561839978e-02,-6.622091078996051325e-05
5.450670957565307617e+00,-9.725581988923531762e-02,-1.482048360930723896e-01,3.424234985076993198e-02,4.397463572705943152e-02,3.531629542165635322e-02,-6.603920270115259798e-05
5.450707197189331055e+00,-9.725762766359712097e-02,-1.482069414054792700e-01,3.424297608952472233e-02,4.397456279580010119e-02,3.531629461250184593e-02,-6.604919409318238052e-05
5.450739860534667969e+00,-9.725925705928782639e-02,-1.482088390439507963e-01,3.424354055903262861e-02,4.397456254722936081e-02,3.531621555934821161e-02,-6.611342027519953850e-05
5.450771808624267578e+00,-9.726085080278777661e-02,-1.482106951324220767e-01,3.424409266512909444e-02,4.397468929539456728e-02,3.531620985554245057e-02,-6.603800309888004636e-05
5.510662317276000977e+00,-1.003707155093488540e-01,-1.515435598842991560e-01,3.518687748414413979e-02,4.411357790626470321e-02,3.515127191604455054e-02,-1.678882096196847719e-04
5.510746002197265625e+00,-1.003752317791587467e-01,-1.515480117468766819e-01,3.518806586348011828e-02,4.411341989954200432e-02,3.515109506422064295e-02,-1.678139710454154370e-04
5.510778427124023438e+00,-1.003769817359122518e-01,-1.515497365129384877e-01,3.518852625591110256e-02,4.411356276085497824e-02,3.515108513314604832e-02,-1.678465949258330222e-04
5.510809183120727539e+00,-1.003786416222121058e-01,-1.515513724615815128e-01,3.518896297580289406e-02,4.411352402303742731e-02,3.515111285095728899e-02,-1.678905882401166851e-04
5.510838508605957031e+00,-1.003802242914920151e-01,-1.515529323302295672e-01,3.518937940546246895e-02,4.411342332055561560e-02,3.515107297357137478e-02,-1.678389556709338967e-04
5.510866880416870117e+00,-1.003817554605757056e-01,-1.515544415329663219e-01,3.518978228665178148e-02,4.411349570502968997e-02,3.515113703847886489e-02,-1.677756184099878220e-04
5.560779333114624023e+00,-1.030730585746328781e-01,-1.543812264332858619e-01,3.594132643185021098e-02,4.402342630594093670e-02,3.526082838388813756e-02,-1.804467151692553187e-04
5.560820817947387695e+00,-1.030752935210209054e-01,-1.543837186910169412e-01,3.594198659513792027e-02,4.402317146158161304e-02,3.526100524551065152e-02,-1.804809642348927296e-04
5.560834646224975586e+00,-1.030760385029027004e-01,-1.543845494676261976e-01,3.594220662434298441e-02,4.402325858044391083e-02,3.526099780244943555e-02,-1.805426831113648718e-04
5.560847520828247070e+00,-1.030767321129547748e-01,-1.543853229434895835e-01,3.594241147470238207e-02,4.402331149035514785e-02,3.526103070360849662e-02,-1.805511492179817071e-04
5.560865163803100586e+00,-1.030776826229550108e-01,-1.543863828715498210e-01,3.594269220415846622e-02,4.402330401028482776e-02,3.526098514154338281e-02,-1.805608482862675296e-04
5.620071411132812500e+00,-1.062612872662487551e-01,-1.576992984584937862e-01,3.692352487261134353e-02,4.396795430870484300e-02,3.549103184194975225e-02,-1.727304797670313951e-04
5.620123147964477539e+00,-1.062640639180736923e-01,-1.577019802056900954e-01,3.692441591491010117e-02,4.396781126112036392e-02,3.549097888289434038e-02,-1.726467966973083449e-04
5.620140314102172852e+00,-1.062649852059552452e-01,-1.577028699878665619e-01,3.692471158632480016e-02,4.396768132685724417e-02,3.549104509370173272e-02,-1.726753454758086419e-04
5.620155572891235352e+00,-1.062658041178046464e-01,-1.577036609151448165e-01,3.692497439224239064e-02,4.396767045094746723e-02,3.549103750732904294e-02,-1.726752255462928336e-04
5.620170116424560547e+00,-1.062665846388001628e-01,-1.577044147901034421e-01,3.692522487415245830e-02,4.396772280717187870e-02,3.549103360475691638e-02,-1.727152839621297321e-04
5.620184898376464844e+00,-1.062673779538484548e-01,-1.577051810427004819e-01,3.692547946114965035e-02,4.396774706870957422e-02,3.549101838035349787e-02,-1.726997842484530516e-04
5.670804500579833984e+00,-1.088838299867966458e-01,-1.603685904019369612e-01,3.779145316590869913e-02,4.422144199428826999e-02,3.560038603934578133e-02,-2.302807293356961638e-04
5.670897006988525391e+00,-1.088884286433266652e-01,-1.603735297305700358e-01,3.779302541463889359e-02,4.422174191040108976e-02,3.560052636110901114e-02,-2.299970095721142198e-04
5.670938491821289062e+00,-1.088904910645179663e-01,-1.603757447473371511e-01,3.779373068942670083e-02,4.422170126833564058e-02,3.560056016533465900e-02,-2.300507469283651139e-04
5.670975685119628906e+00,-1.088923401799487128e-01,-1.603777305840699829e-01,3.779436302642704554e-02,4.422165939664537970e-02,3.560042926079967640e-02,-2.299214868871899721e-04
5.671013593673706055e+00,-1.088942248612995850e-01,-1.603797545367794952e-01,3.779500747874270372e-02,4.422165584258787308e-02,3.560055733476578943e-02,-2.299395831286245924e-04
5.730537891387939453e+00,-1.119358557925554665e-01,-1.634291040168035780e-01,3.873152712728353264e-02,4.404928900692985788e-02,3.565404524978074002e-02,-1.908017816861650069e-04
5.730625867843627930e+00,-1.119404728524749093e-01,-1.634334208782059206e-01,3.873279987201345975e-02,4.404907373001431398e-02,3.565369144523301143e-02,-1.911663408708294662e-04
5.730666637420654297e+00,-1.119426124124679039e-01,-1.634354214255157034e-01,3.873338968039755775e-02,4.404910928739688009e-02,3.565363314216121737e-02,-1.911564424859627442e-04
5.730704069137573242e+00,-1.119445767510119927e-01,-1.634372582733140677e-01,3.873393125483916982e-02,4.404919991498856824e-02,3.565370523699678412e-02,-1.912545259543561263e-04
5.730739593505859375e+00,-1.119464409560088081e-01,-1.634390016094556530e-01,3.873444528098585887e-02,4.404922513658149352e-02,3.565375413252623582e-02,-1.911966484385711523e-04
5.730775117874145508e+00,-1.119483051331719575e-01,-1.634407450512829207e-01,3.873495932337481934e-02,4.404923723386885287e-02,3.565390001618830990e-02,-1.911861881995245769e-04
5.790174245834350586e+00,-1.150950705291533815e-01,-1.664362105136633074e-01,3.952580508382245311e-02,4.406681765342596035e-02,3.573868488706727353e-02,-1.189224266160258692e-04
5.790219783782958984e+00,-1.150975058483063029e-01,-1.664385683986444042e-01,3.952635870021717346e-02,4.406685905721654389e-02,3.573866583441914074e-02,-1.188755597028398506e-04
5.790233612060546875e+00,-1.150982453819668766e-01,-1.664392843786068055e-01,3.952652680087697518e-02,4.406686314844462937e-02,3.573868425359828793e-02,-1.189256956293073346e-04
5.790245532989501953e+00,-1.150988829138178682e-01,-1.664399015910721369e-01,3.952667171383045935e-02,4.406686850832373936e-02,3.573872053293841722e-02,-1.189250746442653686e-04
5.790257215499877930e+00,-1.150995076968064357e-01,-1.664405064494939857e-01,3.952681373028558293e-02,4.406684948570738225e-02,3.573873783464906473e-02,-1.189151932104060304e-04
5.790269136428833008e+00,-1.151001452308588052e-01,-1.664411236437532970e-01,3.952695864859703812e-02,4.406683554461267999e-02,3.573871909401007269e-02,-1.189223019795386760e-04
5.841030597686767578e+00,-1.177897780509174347e-01,-1.691624044759336698e-01,4.015609146103703286e-02,4.387222247504096728e-02,3.558420732783089402e-02,-5.496844706653002902e-05
5.841108322143554688e+00,-1.177938578184457158e-01,-1.691667142334957463e-01,4.015707323210138818e-02,4.387187867802249536e-02,3.558408435255677738e-02,-5.504461920038133423e-05
5.841142177581787109e+00,-1.177956348481014326e-01,-1.691685916900046993e-01,4.015750086676541514e-02,4.387191276683204133e-02,3.558420874211366131e-02,-5.503011380670407124e-05
5.841171741485595703e+00,-1.177971866046801930e-01,-1.691702312156864174e-01,4.015787426819287381e-02,4.387202380231056825e-02,3.558422735264508280e-02,-5.498804336965047078e-05
5.841201066970825195e+00,-1.177987258347169136e-01,-1.691718575460058882e-01,4.015824465079463612e-02,4.387209259278454510e-02,3.558427288954492396e-02,-5.520455862359464286e-05
5.900240182876586914e+00,-1.209766491444328462e-01,-1.723421084786780078e-01,4.096216403173244536e-02,4.420642022069926069e-02,3.557102296218666443e-02,-1.324560381178598685e-04
5.900337934494018555e+00,-1.209820419626708166e-01,-1.723471850216906076e-01,4.096359199145110236e-02,4.420666568335848007e-02,3.557086884409918492e-02,-1.327481695393250400e-04
5.900402307510375977e+00,-1.209855933833613312e-01,-1.723505276838142308e-01,4.096453265767491247e-02,4.420645161137328610e-02,3.557107048629660345e-02,-1.325639086960131950e-04
5.900443077087402344e+00,-1.209878425743393798e-01,-1.723526445436483756e-01,4.096512837639265658e-02,4.420641614048837625e-02,3.557097310710920918e-02,-1.327609633487418928e-04
5.900478363037109375e+00,-1.209897892144303488e-01,-1.723544766315815713e-01,4.096564392489497608e-02,4.420635504275746697e-02,3.557102275924978185e-02,-1.328710770919410756e-04
5.900512218475341797e+00,-1.209916569215620796e-01,-1.723562344541124114e-01,4.096613852765459973e-02,4.420630294514846931e-02,3.557106732444791086e-02,-1.329323207829496761e-04
5.959472894668579102e+00,-1.241802800685510022e-01,-1.755984296565974156e-01,4.184015953889144712e-02,4.420137506105376035e-02,3.551765942307266027e-02,-2.728018298533710579e-04
5.959523439407348633e+00,-1.241829586085197723e-01,-1.756013641570004225e-01,4.184091974038497280e-02,4.420144797277668347e-02,3.551781689288267818e-02,-2.727963744773207432e-04
5.959540128707885742e+00,-1.241838430262684756e-01,-1.756023331260535558e-01,4.184117077122347095e-02,4.420152127328647040e-02,3.551779802253331869e-02,-2.728208998324358381e-04
5.959553480148315430e+00,-1.241845505639662811e-01,-1.756031083101835255e-01,4.184137160637993458e-02,4.420156133421861838e-02,3.551781419921201666e-02,-2.728174751447824740e-04
5.959565877914428711e+00,-1.241852075685886542e-01,-1.756038281223018527e-01,4.184155809708755419e-02,4.420155287706057506e-02,3.551783945870925358e-02,-2.727999270550970239e-04
5.959578037261962891e+00,-1.241858519447817666e-01,-1.756045340841403679e-01,4.184174099788835754e-02,4.420158049148670970e-02,3.551781671907377341e-02,-2.727776871250089984e-04
6.010895729064941406e+00,-1.269381411019237516e-01,-1.784593812039962646e-01,4.260551792603282234e-02,4.409482977995987651e-02,3.559184216847497556e-02,-2.211043241306647888e-04
6.010977268218994141e+00,-1.269425663142856320e-01,-1.784637190916742444e-01,4.260671838237734682e-02,4.409479580772138196e-02,3.559175925608885904e-02,-2.210294978908222674e-04
6.011013746261596680e+00,-1.269445460274278292e-01,-1.784656596029254583e-01,4.260725538181638766e-02,4.409492449393632302e-02,3.559173524173653985e-02,-2.210692714967842087e-04
6.011047124862670898e+00,-1.269463575099544217e-01,-1.784674352464684088e-01,4.260774682478616487e-02,4.409474373276894149e-02,3.559173643773724804e-02,-2.210919889094365180e-04
6.011079072952270508e+00,-1.269480913384861132e-01,-1.784691348791224430e-01,4.260821724205153538e-02,4.409465753878376998e-02,3.559178614623720316e-02,-2.211127806395686189e-04
6.069859743118286133e+00,-1.300613044050570877e-01,-1.818072700590126212e-01,4.343605935056593648e-02,4.407789555310135526e-02,3.576173655843858240e-02,-3.116122616013663939e-04
6.069946765899658203e+00,-1.300657997259180576e-01,-1.818125246162180242e-01,4.343722908838895669e-02,4.407790691325039201e-02,3.576169982027450206e-02,-3.115211553681976786e-04
6.069988012313842773e+00,-1.300679304042093865e-01,-1.818150152945642861e-01,4.343778341307297231e-02,4.407811031359594456e-02,3.576175444969053457e-02,-3.115282289413876470e-04
6.070024728775024414e+00,-1.300698271271448214e-01,-1.818172324083575098e-01,4.343827682593399964e-02,4.407829518785273681e-02,3.576175747942703098e-02,-3.114753265582234100e-04
6.070059537887573242e+00,-1.300716253698540881e-01,-1.818193342763750331e-01,4.343874462599318226e-02,4.407840569887267607e-02,3.576167702482302424e-02,-3.115071435745452488e-04
6.070093870162963867e+00,-1.300733989918275157e-01,-1.818214072513624213e-01,4.343920603953998344e-02,4.407852260970402530e-02,3.576163611081506488e-02,-3.114230719414685868e-04
6.121240854263305664e+00,-1.327416105366145127e-01,-1.848196954415461946e-01,4.416891252179547256e-02,4.411591815994538729e-02,3.554677208908052499e-02,-3.687790803990861118e-04
6.121333599090576172e+00,-1.327464957900709175e-01,-1.848249693370341284e-01,4.417031235608057799e-02,4.411528212121457182e-02,3.554694245202590086e-02,-3.688656919641469106e-04
6.121374130249023438e+00,-1.327486306975552699e-01,-1.848272741964249455e-01,4.417092404930199334e-02,4.411522590183900028e-02,3.554679147994602162e-02,-3.689223321767090341e-04
6.121409654617309570e+00,-1.327505018699859651e-01,-1.848292944404676397e-01,4.417146011161739855e-02,4.411512452162005826e-02,3.554687603317255307e-02,-3.689761811955847670e-04
6.121444940567016602e+00,-1.327523604719890449e-01,-1.848313012472033168e-01,4.417199254110431433e-02,4.411504614010434283e-02,3.554680536505636784e-02,-3.690082718888672568e-04
6.180788755416870117e+00,-1.358677306921018679e-01,-1.883370267527708641e-01,4.512390415442799757e-02,4.416116310464930639e-02,3.563182818911971722e-02,-3.863367787685236085e-04
6.180879116058349609e+00,-1.358724585728312284e-01,-1.883425636349573828e-01,4.512543979919537984e-02,4.416137706515298883e-02,3.563190618317044200e-02,-3.861835044704666061e-04
6.180922269821166992e+00,-1.358747165311616767e-01,-1.883452078574647803e-01,4.512617328316190224e-02,4.416128917108363972e-02,3.563195914407260578e-02,-3.862066725325491771e-04
6.180959463119506836e+00,-1.358766626449484649e-01,-1.883474867595285873e-01,4.512680546416428934e-02,4.416124739525721654e-02,3.563195096837917797e-02,-3.863206424626070955e-04
6.180994510650634766e+00,-1.358784964709455756e-01,-1.883496340972617145e-01,4.512740115815860181e-02,4.416122642124327424e-02,3.563183524874755786e-02,-3.862768016689907525e-04
6.181029558181762695e+00,-1.358803302785195066e-01,-1.883517813497214144e-01,4.512799681468519092e-02,4.416118127908975205e-02,3.563189120708590285e-02,-3.862502164022566116e-04
6.240462541580200195e+00,-1.390181129494127421e-01,-1.919832717983545323e-01,4.605128964077548348e-02,4.402236154394885415e-02,3.540053394450384111e-02,-4.722236538916904365e-04
6.240560770034790039e+00,-1.390233452110963552e-01,-1.919892581026667600e-01,4.605267232208483386e-02,4.402252423638278872e-02,3.540029318348914683e-02,-4.725875225616326986e-04
6.240601301193237305e+00,-1.390255040907779349e-01,-1.919917283867123015e-01,4.605324293136176667e-02,4.402244520805894540e-02,3.540030265026929135e-02,-4.725678728049897579e-04
6.240637063980102539e+00,-1.390274089488326426e-01,-1.919939081288457583e-01,4.605374644644914112e-02,4.402257573326680967e-02,3.540041469955106102e-02,-4.724778030365405944e-04
6.240671634674072266e+00,-1.390292503058758455e-01,-1.919960153107419798e-01,4.605423323960548820e-02,4.402268301255481131e-02,3.540032862017317844e-02,-4.724733969829662491e-04
6.240706205368041992e+00,-1.390310916799249175e-01,-1.919981225871494612e-01,4.605472009273049727e-02,4.402252115619016692e-02,3.540020472080174924e-02,-4.724544050432211042e-04
6.291533708572387695e+00,-1.418382253476950794e-01,-1.950064894807555516e-01,4.660815702320758591e-02,4.418096134409431330e-02,3.526314222490056077e-02,-4.822291457456460550e-04
6.291615724563598633e+00,-1.418429162245274933e-01,-1.950111985133541059e-01,4.660878806777438849e-02,4.418130661976905904e-02,3.526309252006627759e-02,-4.820845847834600737e-04
6.291651964187622070e+00,-1.418449890057730534e-01,-1.950132790613617884e-01,4.660906688117989055e-02,4.418127759003417226e-02,3.526306153465723348e-02,-4.821168432483347553e-04
6.291684150695800781e+00,-1.418468299672654698e-01,-1.950151268011565964e-01,4.660931450508246782e-02,4.418105341973314198e-02,3.526311696268877999e-02,-4.822718402510657652e-04
6.291715621948242188e+00,-1.418486300060332606e-01,-1.950169334146673039e-01,4.660955665495897238e-02,4.418098016639075698e-02,3.526306136964913601e-02,-4.822785301365615953e-04
6.350957393646240234e+00,-1.451380224119673545e-01,-1.985205705441289437e-01,4.706863243998081481e-02,4.389712067571939491e-02,3.523268577118327666e-02,-6.163832064902920660e-04
6.351042509078979492e+00,-1.451426061012506263e-01,-1.985257526122286287e-01,4.706929651304202905e-02,4.389680416753369285e-02,3.523246382651131631e-02,-6.163669284602965202e-04
6.351083517074584961e+00,-1.451448144467538393e-01,-1.985282495978988038e-01,4.706961640240118344e-02,4.389683548676388131e-02,3.523238053254570956e-02,-6.164084786368986000e-04
6.351120233535766602e+00,-1.451467917082236714e-01,-1.985304854042295453e-01,4.706990275135258806e-02,4.389696215306624488e-02,3.523248064370561317e-02,-6.164198642458723447e-04
6.351155757904052734e+00,-1.451487048087891640e-01,-1.985326486775238763e-01,4.707017974313171954e-02,4.389728277174752280e-02,3.523233007292845415e-02,-6.164825273499156995e-04
6.351190328598022461e+00,-1.451505665998316652e-01,-1.985347538591078209e-01,4.707044933108417428e-02,4.389734002489083936e-02,3.523248614720551203e-02,-6.165411463680438428e-04
6.409553050994873047e+00,-1.484114995477666399e-01,-2.019340832406250619e-01,4.761134071641081461e-02,4.384293689855074672e-02,3.523587131383811022e-02,-6.462754654951541160e-04
6.409647703170776367e+00,-1.484169790557001156e-01,-2.019393450594013095e-01,4.761235690396556364e-02,4.384278791863036734e-02,3.523582036440087856e-02,-6.461183636435578618e-04
6.409687757492065430e+00,-1.484192978165296828e-01,-2.019415715046093129e-01,4.761278691002781421e-02,4.384254214854031717e-02,3.523580016924674624e-02,-6.460162531358703544e-04
6.409723281860351562e+00,-1.484213543326025619e-01,-2.019435461019752354e-01,4.761316823812888899e-02,4.384227023171517051e-02,3.523581628815567607e-02,-6.459888274694282730e-04
6.409759283065795898e+00,-1.484234384265451789e-01,-2.019455472078448000e-01,4.761355459968788506e-02,4.384210099033802877e-02,3.523576691018534546e-02,-6.460844099476685878e-04
6.409795284271240234e+00,-1.484255224678458496e-01,-2.019475483858478582e-01,4.761394092211657797e-02,4.384210660028205198e-02,3.523576437668581030e-02,-6.460781846024659259e-04
6.461079359054565430e+00,-1.513411081524050350e-01,-2.048721625387301126e-01,4.819109755274103568e-02,4.390985994398179104e-02,3.513442456370833439e-02,-4.155569246744788355e-04
6.461122751235961914e+00,-1.513435301287135160e-01,-2.048746996290461420e-01,4.819160866885609934e-02,4.391002407082005704e-02,3.513458454459817554e-02,-4.155921849233360854e-04
6.461137056350708008e+00,-1.513443285822747564e-01,-2.048755360547280524e-01,4.819177719751898542e-02,4.391001717132131388e-02,3.513460074050935023e-02,-4.156141267044828657e-04
6.461149692535400391e+00,-1.513450338875462209e-01,-2.048762749016907470e-01,4.819192606869694001e-02,4.391007447806986180e-02,3.513462402006456431e-02,-4.156211007986250049e-04
6.461162090301513672e+00,-1.513457258919793103e-01,-2.048769998035541440e-01,4.819207213122828071e-02,4.391005324595388670e-02,3.513461829279971443e-02,-4.156614783974728984e-04
6.520460844039916992e+00,-1.546957025374584849e-01,-2.081627185962685866e-01,4.881371254361295542e-02,4.400691213895021464e-02,3.525745451000238118e-02,-4.215008508881332812e-04
6.520546197891235352e+00,-1.547005822643139350e-01,-2.081671864551445372e-01,4.881449647703071243e-02,4.400664977123354416e-02,3.525737759027066515e-02,-4.213487062097213357e-04
6.520587682723999023e+00,-1.547029540383209056e-01,-2.081693577741238754e-01,4.881487749953564853e-02,4.400659488140443165e-02,3.525744817640204254e-02,-4.214651902513575190e-04
6.520622968673706055e+00,-1.547049714068027548e-01,-2.081712046424314955e-01,4.881520165022999735e-02,4.400659356627283775e-02,3.525731688662081531e-02,-4.214927816316836758e-04
6.520657300949096680e+00,-1.547069342316538532e-01,-2.081730016687920459e-01,4.881551708364038900e-02,4.400645087089494201e-02,3.525725127090155453e-02,-4.215105360689017197e-04
6.520692110061645508e+00,-1.547089242846179657e-01,-2.081748237580456351e-01,4.881583690796484354e-02,4.400644491785841994e-02,3.525739394301363044e-02,-4.215329827318919725e-04
6.570576667785644531e+00,-1.575465901944034797e-01,-2.108628184523273497e-01,4.927914356962986853e-02,4.405589582824009226e-02,3.513956767159692046e-02,-3.269669743581875981e-04
6.570667505264282227e+00,-1.575517315849793987e-01,-2.108678529744781038e-01,4.927999619446562368e-02,4.405629557423461351e-02,3.513933985824384265e-02,-3.268138023388569369e-04
6.570708990097045898e+00,-1.575540796763736373e-01,-2.108701522381259963e-01,4.928038551731756672e-02,4.405632692489351576e-02,3.513913916143124316e-02,-3.267915162460452569e-04
6.570756673812866211e+00,-1.575567787341099757e-01,-2.108727949062428608e-01,4.928083297073379554e-02,4.405653666777384347e-02,3.513915933975404748e-02,-3.268170340450657829e-04
6.570794820785522461e+00,-1.575589380269684092e-01,-2.108749088801473437e-01,4.928119096760757989e-02,4.405653425822032843e-02,3.513918988889270373e-02,-3.269074391418555622e-04
6.631060361862182617e+00,-1.609680848393347519e-01,-2.140521992400764295e-01,4.992652440447934575e-02,4.380856343309572076e-02,3.504460918376794965e-02,-5.016542679543635908e-04
6.631145477294921875e+00,-1.609728966494283209e-01,-2.140564573343624044e-01,4.992754836605351604e-02,4.380818358631909798e-02,3.504445581561717316e-02,-5.018818484933406125e-04
6.631186246871948242e+00,-1.609752014364943806e-01,-2.140584969513887326e-01,4.992803880371606690e-02,4.380815070124935429e-02,3.504454221630708827e-02,-5.019941895679931034e-04
6.631221771240234375e+00,-1.609772096681154063e-01,-2.140602742678841541e-01,4.992846609933469099e-02,4.380811049586531142e-02,3.504456095505491947e-02,-5.019987261704872677e-04
6.631257057189941406e+00,-1.609792044055131377e-01,-2.140620397514294004e-01,4.992889047830474658e-02,4.380834512378984497e-02,3.504454260537144539e-02,-5.020815572741222808e-04
6.631290912628173828e+00,-1.609811182821654918e-01,-2.140637337513368044e-01,4.992929763336102778e-02,4.380853120696898140e-02,3.504445897391078590e-02,-5.020094370797089983e-04
6.681138515472412109e+00,-1.638361612432036873e-01,-2.165439584024247688e-01,5.058124739802152825e-02,4.407423786723330128e-02,3.505995596036397960e-02,-5.959646721311085164e-04
6.681215047836303711e+00,-1.638406018064576808e-01,-2.165477447771157193e-01,5.058232907307435439e-02,4.407409046799690144e-02,3.505986868345016549e-02,-5.960605953753663399e-04
6.681249856948852539e+00,-1.638426216008976311e-01,-2.165494668743008777e-01,5.058282111262399350e-02,4.407394897624835467e-02,3.505985526262977298e-02,-5.961402361156361521e-04
6.681280612945556641e+00,-1.638444062345330021e-01,-2.165509883773411581e-01,5.058325582570211143e-02,4.407415273482290924e-02,3.505986815880680896e-02,-5.961539918148603661e-04
6.681309700012207031e+00,-1.638460940355907780e-01,-2.165524272627355196e-01,5.058366692998268049e-02,4.407411230766689753e-02,3.505986885367905898e-02,-5.961245742639660920e-04
6.740780115127563477e+00,-1.672937302154436645e-01,-2.194455496771403891e-01,5.132482429160151183e-02,4.406860039798541490e-02,3.524022132733677093e-02,-5.423727226901998424e-04
6.740860939025878906e+00,-1.672984112457143457e-01,-2.194494155139881664e-01,5.132569635578838191e-02,4.406859641116661619e-02,3.524007640492789195e-02,-5.425764142258845133e-04
6.740900039672851562e+00,-1.673006757055816862e-01,-2.194512858470915595e-01,5.132611817557502371e-02,4.406856182097294156e-02,3.524007725448575351e-02,-5.427255129855060485e-04
6.740935564041137695e+00,-1.673027330115910705e-01,-2.194529852298200689e-01,5.132650146411186359e-02,4.406843818607152768e-02,3.524017380112309805e-02,-5.428074932563236666e-04
6.740969657897949219e+00,-1.673047074541128276e-01,-2.194546163031014796e-01,5.132686936160758828e-02,4.406841953249120841e-02,3.524028974489561844e-02,-5.428041109025074761e-04
6.741003990173339844e+00,-1.673066957093002904e-01,-2.194562588763966648e-01,5.132723983712685761e-02,4.406845850944209747e-02,3.524030004625443302e-02,-5.427962812328797695e-04
6.799986600875854492e+00,-1.708608980720351944e-01,-2.221971830607542275e-01,5.187021377152799262e-02,4.414905278440345998e-02,3.491528580558456857e-02,-4.037189659803929647e-04
6.800072431564331055e+00,-1.708662716788502678e-01,-2.222010533627017115e-01,5.187086765145328127e-02,4.414941959189189885e-02,3.491487337772581495e-02,-4.037684626288568141e-04
6.800111770629882812e+00,-1.708687347098725440e-01,-2.222028270403836880e-01,5.187116725709785964e-02,4.414940326139350085e-02,3.491481926985376405e-02,-4.038155976161035988e-04
6.800146102905273438e+00,-1.708708843003385880e-01,-2.222043748637530514e-01,5.187142875358649596e-02,4.414937195171411005e-02,3.491486725800505703e-02,-4.038251113396340358e-04
6.800180912017822266e+00,-1.708730637346221881e-01,-2.222059441239800093e-01,5.187169392598038609e-02,4.414932041905503951e-02,3.491490795160717697e-02,-4.037849755633737044e-04
6.800215959548950195e+00,-1.708752580689644751e-01,-2.222075241520601596e-01,5.187196095619728275e-02,4.414912761324682466e-02,3.491478719806329067e-02,-4.037727416602558835e-04
6.850835084915161133e+00,-1.739734615286943065e-01,-2.246286390563892454e-01,5.229923762481623883e-02,4.394328473825361014e-02,3.493947453134704784e-02,-3.216265088730862879e-04
6.850923299789428711e+00,-1.739787368682231827e-01,-2.246331009769635123e-01,5.230005443945663635e-02,4.394335521527995697e-02,3.493938242876448025e-02,-3.214546754968496340e-04
6.850962877273559570e+00,-1.739811035979161313e-01,-2.246351029965593105e-01,5.230042075775660076e-02,4.394352891005963435e-02,3.493944739590026244e-02,-3.214703093959803766e-04
6.850998878479003906e+00,-1.739832564955099137e-01,-2.246369241584067200e-01,5.230075393562667180e-02,4.394372119310681335e-02,3.493935644657757134e-02,-3.214444942417949997e-04
6.851035118103027344e+00,-1.739854236930440945e-01,-2.246387573316349084e-01,5.230108933569811019e-02,4.394389029825947895e-02,3.493933624448304631e-02,-3.214738362904295561e-04
6.910422801971435547e+00,-1.775757937919069385e-01,-2.274491109072354078e-01,5.290226745974679207e-02,4.378733949122959324e-02,3.478416848110246068e-02,-3.494783740054433862e-04
6.910478115081787109e+00,-1.775791740158887966e-01,-2.274515479107452887e-01,5.290287536208346936e-02,4.378746537921086174e-02,3.478414193799071741e-02,-3.495355961592206697e-04
6.910498380661010742e+00,-1.775804124662879180e-01,-2.274524407114101865e-01,5.290309809875010788e-02,4.378743948712059131e-02,3.478413527025136370e-02,-3.495511342120622279e-04
6.910515785217285156e+00,-1.775814760811431636e-01,-2.274532074580909446e-01,5.290328939516607959e-02,4.378735086089913936e-02,3.478414671883023335e-02,-3.496258978051180110e-04
6.910531997680664062e+00,-1.775824668457279265e-01,-2.274539216985520251e-01,5.290346757850349080e-02,4.378730255635419899e-02,3.478405413583594147e-02,-3.496352574557409667e-04
6.910547733306884766e+00,-1.775834284688661280e-01,-2.274546149517852611e-01,5.290364051602499534e-02,4.378734341088699050e-02,3.478406356968474777e-02,-3.496036579052511995e-04
